Fecha,Local,Visitante,Goles L,Goles V,Torneo
07/06/2026,Dinamarca,Ucrania,2,1,Amistosos Internacionales
07/06/2026,Omán,Mozambique,4,1,Amistosos Internacionales
06/06/2026,Argentina,Honduras,2,0,Amistosos Internacionales
06/06/2026,Curazao,Aruba,4,0,Amistosos Internacionales
06/06/2026,Brasil,Egipto,2,1,Amistosos Internacionales
06/06/2026,Venezuela,Turquía,1,2,Amistosos Internacionales
06/06/2026,Jamaica,Sudáfrica,1,1,Amistosos Internacionales
06/06/2026,Cabo Verde,Bermudas,3,0,Amistosos Internacionales
06/06/2026,Bolivia,Escocia,0,4,Amistosos Internacionales
06/06/2026,Catar,El Salvador,0,0,Amistosos Internacionales
06/06/2026,Inglaterra,Nueva Zelanda,1,0,Amistosos Internacionales
06/06/2026,Suiza,Australia,1,1,Amistosos Internacionales
06/06/2026,Panamá,Bosnia-Herzegovina,1,1,Amistosos Internacionales
06/06/2026,EE. UU.,Alemania,1,2,Amistosos Internacionales
06/06/2026,Albania,Luxemburgo,0,1,Amistosos Internacionales
06/06/2026,Portugal,Chile,2,1,Amistosos Internacionales
06/06/2026,Rumanía,Gales,2,1,Amistosos Internacionales
06/06/2026,Kirguistán,Palestina,0,0,Amistosos Internacionales
06/06/2026,Bélgica,Túnez,5,0,Amistosos Internacionales
05/06/2026,Haití,Perú,1,2,Amistosos Internacionales
05/06/2026,Canadá,Irlanda,1,1,Amistosos Internacionales
05/06/2026,Puerto Rico,Arabia Saudí,0,3,Amistosos Internacionales
05/06/2026,Paraguay,Nicaragua,4,0,Amistosos Internacionales
05/06/2026,Angola,Mauritania,1,1,Amistosos Internacionales
05/06/2026,Benín,Níger,1,1,Amistosos Internacionales
05/06/2026,Hungría,Finlandia,2,1,Amistosos Internacionales
05/06/2026,Moldavia,Bulgaria,2,2,Amistosos Internacionales
05/06/2026,Rusia,Burkina Faso,3,0,Amistosos Internacionales
05/06/2026,Eslovaquia,Montenegro,2,2,Amistosos Internacionales
05/06/2026,Bielorrusia,Siria,4,1,Amistosos Internacionales
05/06/2026,Indonesia,Omán,3,0,Amistosos Internacionales
05/06/2026,Tailandia,Kuwait,2,2,Amistosos Internacionales
05/06/2026,Singapur,China,1,2,Amistosos Internacionales
04/06/2026,México,Serbia,5,1,Amistosos Internacionales
04/06/2026,República Checa,Guatemala,3,1,Amistosos Internacionales
04/06/2026,Francia,Costa de Marfil,1,2,Amistosos Internacionales
04/06/2026,España,Irak,1,1,Amistosos Internacionales
04/06/2026,Andorra,Liechtenstein,2,0,Amistosos Internacionales
04/06/2026,Suecia,Grecia,2,2,Amistosos Internacionales
04/06/2026,Irán,Mali,2,0,Amistosos Internacionales
04/06/2026,Eslovenia,Chipre,1,1,Amistosos Internacionales
04/06/2026,Irlanda del Norte,Guinea,1,0,Amistosos Internacionales
03/06/2026,Corea del Sur,El Salvador,1,0,Amistosos Internacionales
03/06/2026,Panamá,República Dominicana,4,2,Amistosos Internacionales
03/06/2026,Países Bajos,Argelia,0,1,Amistosos Internacionales
03/06/2026,Luxemburgo,Italia,0,1,Amistosos Internacionales
03/06/2026,Polonia,Nigeria,2,2,Amistosos Internacionales
03/06/2026,Albania,Israel,0,1,Amistosos Internacionales
03/06/2026,RD Congo,Dinamarca,0,0,Amistosos Internacionales
02/06/2026,Haití,Nueva Zelanda,4,0,Amistosos Internacionales
02/06/2026,Gales,Ghana,1,1,Amistosos Internacionales
02/06/2026,Marruecos,Madagascar,4,0,Amistosos Internacionales
02/06/2026,Georgia,Rumanía,1,1,Amistosos Internacionales
02/06/2026,Croacia,Bélgica,0,2,Amistosos Internacionales
01/06/2026,Canadá,Uzbekistán,2,0,Amistosos Internacionales
01/06/2026,Colombia,Costa Rica,3,1,Amistosos Internacionales
01/06/2026,Austria,Túnez,1,0,Amistosos Internacionales
01/06/2026,Turquía,Macedonia del Norte,4,0,Amistosos Internacionales
01/06/2026,Noruega,Suecia,3,1,Amistosos Internacionales
01/06/2026,Bulgaria,Montenegro,0,1,Amistosos Internacionales
01/06/2026,Eslovaquia,Malta,2,1,Amistosos Internacionales
31/05/2026,Brasil,Panamá,6,2,Amistosos Internacionales
31/05/2026,EE. UU.,Senegal,3,2,Amistosos Internacionales
31/05/2026,Alemania,Finlandia,4,0,Amistosos Internacionales
31/05/2026,Polonia,Ucrania,0,2,Amistosos Internacionales
31/05/2026,Cabo Verde,Serbia,3,0,Amistosos Internacionales
31/05/2026,República Checa,Kosovo,2,1,Amistosos Internacionales
31/05/2026,Suiza,Jordania,4,1,Amistosos Internacionales
31/05/2026,Singapur,Mongolia,4,0,Amistosos Internacionales
31/05/2026,Japón,Islandia,1,0,Amistosos Internacionales
30/05/2026,México,Australia,1,0,Amistosos Internacionales
30/05/2026,Corea del Sur,Trinidad y Tobago,5,0,Amistosos Internacionales
30/05/2026,Ecuador,Arabia Saudí,2,1,Amistosos Internacionales
30/05/2026,Jamaica,Nigeria,0,3,Amistosos Internacionales
30/05/2026,Escocia,Curazao,4,1,Amistosos Internacionales
29/05/2026,Bosnia-Herzegovina,Macedonia del Norte,0,0,Amistosos Internacionales
29/05/2026,Irak,Andorra,1,0,Amistosos Internacionales
29/05/2026,Sudáfrica,Nicaragua,0,0,Amistosos Internacionales
29/05/2026,Irán,Gambia,3,1,Amistosos Internacionales
28/05/2026,Irlanda,Catar,1,0,Amistosos Internacionales
28/05/2026,Egipto,Rusia,1,0,Amistosos Internacionales
27/05/2026,Jamaica,India,2,0,Amistosos Internacionales
26/05/2026,Nigeria,Zimbabue,2,0,Amistosos Internacionales
26/05/2026,Marruecos,Burundi,5,0,Amistosos Internacionales
22/05/2026,México,Ghana,2,0,Amistosos Internacionales
31/03/2026,Irak,Bolivia,2,1,Campeonato del Mundo
31/03/2026,México,Bélgica,1,1,Amistosos Internacionales
31/03/2026,Brasil,Croacia,3,1,Amistosos Internacionales
31/03/2026,Argentina,Zambia,5,0,Amistosos Internacionales
31/03/2026,Canadá,Túnez,0,0,Amistosos Internacionales
31/03/2026,EE. UU.,Portugal,0,2,Amistosos Internacionales
31/03/2026,RD Congo,Jamaica,1,0,Campeonato del Mundo
31/03/2026,España,Egipto,0,0,Amistosos Internacionales
31/03/2026,Senegal,Gambia,3,1,Amistosos Internacionales
31/03/2026,Ucrania,Albania,1,0,Amistosos Internacionales
31/03/2026,Austria,Corea del Sur,1,0,Amistosos Internacionales
31/03/2026,Bosnia-Herzegovina,Italia,2,1,Campeonato del Mundo
31/03/2026,República Checa,Dinamarca,3,2,Campeonato del Mundo
31/03/2026,Países Bajos,Ecuador,1,1,Amistosos Internacionales
31/03/2026,Eslovaquia,Rumanía,2,0,Amistosos Internacionales
31/03/2026,Gales,Irlanda del Norte,1,1,Amistosos Internacionales
31/03/2026,Inglaterra,Japón,0,1,Amistosos Internacionales
31/03/2026,Kosovo,Turquía,0,1,Campeonato del Mundo
31/03/2026,Suecia,Polonia,3,2,Campeonato del Mundo
31/03/2026,Argelia,Uruguay,0,0,Amistosos Internacionales
31/03/2026,Escocia,Costa de Marfil,0,1,Amistosos Internacionales
31/03/2026,Guinea,Benín,0,1,Amistosos Internacionales
31/03/2026,Perú,Honduras,2,2,Amistosos Internacionales
31/03/2026,Marruecos,Paraguay,2,1,Amistosos Internacionales
31/03/2026,Haití,Islandia,1,1,Amistosos Internacionales
31/03/2026,Jordania,Nigeria,2,2,Amistosos Internacionales
31/03/2026,Sudáfrica,Panamá,1,2,Amistosos Internacionales
31/03/2026,Hungría,Grecia,0,0,Amistosos Internacionales
31/03/2026,Rusia,Mali,0,0,Amistosos Internacionales
31/03/2026,San Marino,Andorra,0,0,Amistosos Internacionales
31/03/2026,Serbia,Arabia Saudí,2,1,Amistosos Internacionales
31/03/2026,Montenegro,Eslovenia,2,3,Amistosos Internacionales
31/03/2026,Luxemburgo,Malta,3,0,UEFA Nations League
31/03/2026,Noruega,Suiza,0,0,Amistosos Internacionales
31/03/2026,Níger,Togo,0,1,Amistosos Internacionales
31/03/2026,Costa Rica,Irán,0,5,Amistosos Internacionales
31/03/2026,Tailandia,Turkmenistán,2,1,Copa Asiática
31/03/2026,Singapur,Bangladés,1,0,Copa Asiática
31/03/2026,Vietnam,Malasia,3,1,Copa Asiática
31/03/2026,Australia,Curazao,5,1,FIFA Series
31/03/2026,China,Camerún,0,2,FIFA Series
30/03/2026,Alemania,Ghana,2,1,Amistosos Internacionales
30/03/2026,Uzbekistán,Venezuela,1,0,FIFA Series
30/03/2026,Indonesia,Bulgaria,0,1,FIFA Series
30/03/2026,Nueva Zelanda,Chile,4,1,FIFA Series
29/03/2026,Cabo Verde,Finlandia,2,1,FIFA Series
29/03/2026,Colombia,Francia,1,3,Amistosos Internacionales
29/03/2026,Martinica,El Salvador,0,1,CONCACAF Series
29/03/2026,Aruba,Liechtenstein,4,1,FIFA Series
29/03/2026,Armenia,Bielorrusia,1,2,Amistosos Internacionales
28/03/2026,México,Portugal,0,0,Amistosos Internacionales
28/03/2026,Haití,Túnez,0,1,Amistosos Internacionales
28/03/2026,Puerto Rico,Islas Vírgenes Estadounidenses,2,0,FIFA Series
28/03/2026,EE. UU.,Bélgica,2,5,Amistosos Internacionales
28/03/2026,Canadá,Islandia,2,2,Amistosos Internacionales
28/03/2026,Escocia,Japón,0,1,Amistosos Internacionales
28/03/2026,Hungría,Eslovenia,1,0,Amistosos Internacionales
28/03/2026,Senegal,Perú,2,0,Amistosos Internacionales
28/03/2026,Corea del Sur,Costa de Marfil,0,4,Amistosos Internacionales
27/03/2026,Argentina,Mauritania,2,1,Amistosos Internacionales
27/03/2026,Marruecos,Ecuador,1,1,Amistosos Internacionales
27/03/2026,España,Serbia,3,0,Amistosos Internacionales
27/03/2026,Suiza,Alemania,3,4,Amistosos Internacionales
27/03/2026,Inglaterra,Uruguay,1,1,Amistosos Internacionales
27/03/2026,Países Bajos,Noruega,2,1,Amistosos Internacionales
27/03/2026,Argelia,Guatemala,7,0,Amistosos Internacionales
27/03/2026,Grecia,Paraguay,0,1,Amistosos Internacionales
27/03/2026,Libia,Níger,0,0,Amistosos Internacionales
27/03/2026,Arabia Saudí,Egipto,0,4,Amistosos Internacionales
27/03/2026,Jordania,Costa Rica,2,2,Amistosos Internacionales
27/03/2026,Montenegro,Andorra,2,0,Amistosos Internacionales
27/03/2026,Austria,Ghana,5,1,Amistosos Internacionales
27/03/2026,Sudáfrica,Panamá,1,1,Amistosos Internacionales
27/03/2026,Rusia,Nicaragua,3,1,Amistosos Internacionales
27/03/2026,Benín,Liberia,1,0,Amistosos Internacionales
27/03/2026,Guinea,Togo,2,2,Amistosos Internacionales
27/03/2026,Uzbekistán,Gabón,3,1,FIFA Series
27/03/2026,Indonesia,Saint Kitts y Nevis,4,0,FIFA Series
27/03/2026,Irán,Nigeria,1,2,Amistosos Internacionales
27/03/2026,Venezuela,Trinidad y Tobago,4,1,FIFA Series
27/03/2026,Australia,Camerún,1,0,FIFA Series
27/03/2026,Islas Salomón,Bulgaria,2,10,FIFA Series
27/03/2026,Nueva Zelanda,Finlandia,0,2,FIFA Series
27/03/2026,China,Curazao,2,0,FIFA Series
26/03/2026,Chile,Cabo Verde,4,2,FIFA Series
26/03/2026,Nueva Caledonia,Jamaica,0,1,Campeonato del Mundo
26/03/2026,República Dominicana,El Salvador,2,2,CONCACAF Series
26/03/2026,Colombia,Croacia,1,2,Amistosos Internacionales
26/03/2026,Bolivia,Surinam,2,1,Campeonato del Mundo
26/03/2026,Brasil,Francia,1,2,Amistosos Internacionales
26/03/2026,Polonia,Albania,2,1,Campeonato del Mundo
26/03/2026,Gales,Bosnia-Herzegovina,1,2,Campeonato del Mundo
26/03/2026,Dinamarca,Macedonia del Norte,4,0,Campeonato del Mundo
26/03/2026,Eslovaquia,Kosovo,3,4,Campeonato del Mundo
26/03/2026,Italia,Irlanda del Norte,2,0,Campeonato del Mundo
26/03/2026,República Checa,Irlanda,3,2,Campeonato del Mundo
26/03/2026,Ucrania,Suecia,1,3,Campeonato del Mundo
26/03/2026,Chipre,Bielorrusia,0,1,Amistosos Internacionales
26/03/2026,Malta,Luxemburgo,0,2,UEFA Nations League
26/03/2026,Turquía,Rumanía,1,0,Campeonato del Mundo
26/03/2026,Vietnam,Bangladés,3,0,Amistosos Internacionales
26/03/2026,Aruba,Macao,4,1,FIFA Series
25/03/2026,Puerto Rico,Guam,4,0,FIFA Series
25/03/2026,RD Congo,Bermudas,2,0,Amistosos Internacionales
15/03/2026,Bolivia,Trinidad y Tobago,3,0,Amistosos Internacionales
25/02/2026,México,Islandia,4,0,Amistosos Internacionales
21/02/2026,Martinica,Jamaica,0,2,Amistosos Internacionales
30/01/2026,Uzbekistán,Urartu,4,2,Amistosos Internacionales
26/01/2026,Uzbekistán,China,2,2,Amistosos Internacionales
25/01/2026,Bolivia,México,0,1,Amistosos Internacionales
22/01/2026,Panamá,México,0,1,Amistosos Internacionales
18/01/2026,Bolivia,Panamá,1,1,Amistosos Internacionales
18/01/2026,Granada,Jamaica,0,1,Amistosos Internacionales
18/01/2026,Senegal,Marruecos,0,3,Copa de África de Naciones
17/01/2026,Canadá,Guatemala,1,0,Amistosos Internacionales
17/01/2026,Egipto,Nigeria,0,1,Copa de África de Naciones
14/01/2026,Nigeria,Marruecos,0,1,Copa de África de Naciones
14/01/2026,Senegal,Egipto,1,0,Copa de África de Naciones
10/01/2026,Egipto,Costa de Marfil,3,2,Copa de África de Naciones
10/01/2026,Argelia,Nigeria,0,2,Copa de África de Naciones
09/01/2026,Camerún,Marruecos,0,2,Copa de África de Naciones
09/01/2026,Mali,Senegal,0,1,Copa de África de Naciones
06/01/2026,Costa de Marfil,Burkina Faso,3,0,Copa de África de Naciones
06/01/2026,Argelia,RD Congo,1,0,Copa de África de Naciones
05/01/2026,Nigeria,Mozambique,4,0,Copa de África de Naciones
05/01/2026,Egipto,Benín,3,1,Copa de África de Naciones
04/01/2026,Sudáfrica,Camerún,1,2,Copa de África de Naciones
04/01/2026,Marruecos,Tanzania,1,0,Copa de África de Naciones
03/01/2026,Mali,Túnez,2,1,Copa de África de Naciones
03/01/2026,Senegal,Sudán,3,1,Copa de África de Naciones
31/12/2025,Mozambique,Camerún,1,2,Copa de África de Naciones
31/12/2025,Gabón,Costa de Marfil,2,3,Copa de África de Naciones
31/12/2025,Guinea Ecuatorial,Argelia,1,3,Copa de África de Naciones
30/12/2025,Benín,Senegal,0,3,Copa de África de Naciones
30/12/2025,Botsuana,RD Congo,0,3,Copa de África de Naciones
30/12/2025,Uganda,Nigeria,1,3,Copa de África de Naciones
30/12/2025,Tanzania,Túnez,1,1,Copa de África de Naciones
29/12/2025,Zambia,Marruecos,0,3,Copa de África de Naciones
29/12/2025,Angola,Egipto,0,0,Copa de África de Naciones
29/12/2025,Zimbabue,Sudáfrica,2,3,Copa de África de Naciones
28/12/2025,Costa de Marfil,Camerún,1,1,Copa de África de Naciones
28/12/2025,Argelia,Burkina Faso,1,0,Copa de África de Naciones
27/12/2025,Nigeria,Túnez,3,2,Copa de África de Naciones
27/12/2025,Senegal,RD Congo,1,1,Copa de África de Naciones
27/12/2025,Benín,Botsuana,1,0,Copa de África de Naciones
26/12/2025,Marruecos,Mali,1,1,Copa de África de Naciones
26/12/2025,Egipto,Sudáfrica,1,0,Copa de África de Naciones
26/12/2025,Angola,Zimbabue,1,1,Copa de África de Naciones
24/12/2025,Camerún,Gabón,1,0,Copa de África de Naciones
24/12/2025,Costa de Marfil,Mozambique,1,0,Copa de África de Naciones
24/12/2025,Argelia,Sudán,3,0,Copa de África de Naciones
23/12/2025,Túnez,Uganda,3,1,Copa de África de Naciones
23/12/2025,Nigeria,Tanzania,2,1,Copa de África de Naciones
23/12/2025,Senegal,Botsuana,3,0,Copa de África de Naciones
23/12/2025,RD Congo,Benín,1,0,Copa de África de Naciones
22/12/2025,Egipto,Zimbabue,2,1,Copa de África de Naciones
22/12/2025,Sudáfrica,Angola,2,1,Copa de África de Naciones
21/12/2025,Perú,Bolivia,2,0,Amistosos Internacionales
21/12/2025,Marruecos,Comores,2,0,Copa de África de Naciones
18/12/2025,Jordania,Marruecos,2,3,FIFA Arab Cup
18/12/2025,Túnez,Botsuana,2,1,Amistosos Internacionales
17/12/2025,Angola,Mozambique,4,1,Amistosos Internacionales
16/12/2025,Egipto,Nigeria,2,1,Amistosos Internacionales
16/12/2025,RD Congo,Zambia,2,0,Amistosos Internacionales
16/12/2025,Sudáfrica,Ghana B,1,0,Amistosos Internacionales
15/12/2025,Arabia Saudí,Jordania,0,1,FIFA Arab Cup
15/12/2025,Marruecos,Emiratos Árabes Unidos,3,0,FIFA Arab Cup
12/12/2025,Argelia,Emiratos Árabes Unidos,1,2,FIFA Arab Cup
12/12/2025,Jordania,Irak,1,0,FIFA Arab Cup
11/12/2025,Palestina,Arabia Saudí,1,2,FIFA Arab Cup
11/12/2025,Marruecos,Siria,1,0,FIFA Arab Cup
09/12/2025,Argelia,Irak,2,0,FIFA Arab Cup
09/12/2025,Egipto,Jordania,0,3,FIFA Arab Cup
09/12/2025,Emiratos Árabes Unidos,Kuwait,3,1,FIFA Arab Cup
08/12/2025,Marruecos,Arabia Saudí,1,0,FIFA Arab Cup
08/12/2025,Omán,Comores,2,1,FIFA Arab Cup
07/12/2025,Siria,Palestina,0,0,FIFA Arab Cup
07/12/2025,Catar,Túnez,0,3,FIFA Arab Cup
06/12/2025,Emiratos Árabes Unidos,Egipto,1,1,FIFA Arab Cup
06/12/2025,Sudán,Irak,0,2,FIFA Arab Cup
06/12/2025,Bahréin,Argelia,1,5,FIFA Arab Cup
06/12/2025,Kuwait,Jordania,1,3,FIFA Arab Cup
05/12/2025,Comores,Arabia Saudí,1,3,FIFA Arab Cup
05/12/2025,Omán,Marruecos,0,0,FIFA Arab Cup
04/12/2025,Siria,Catar,1,1,FIFA Arab Cup
04/12/2025,Palestina,Túnez,2,2,FIFA Arab Cup
03/12/2025,Jordania,Emiratos Árabes Unidos,2,1,FIFA Arab Cup
03/12/2025,Irak,Bahréin,2,1,FIFA Arab Cup
03/12/2025,Argelia,Sudán,0,0,FIFA Arab Cup
02/12/2025,Arabia Saudí,Omán,2,1,FIFA Arab Cup
02/12/2025,Egipto,Kuwait,1,1,FIFA Arab Cup
02/12/2025,Marruecos,Comores,3,1,FIFA Arab Cup
01/12/2025,Catar,Palestina,0,1,FIFA Arab Cup
01/12/2025,Túnez,Siria,0,1,FIFA Arab Cup
26/11/2025,Omán,Somalia,1,0,FIFA Arab Cup
25/11/2025,Palestina,Libia,1,0,FIFA Arab Cup
25/11/2025,Mauritania,Kuwait,0,2,FIFA Arab Cup
19/11/2025,Laos,Vietnam,0,2,Copa Asiática
18/11/2025,Colombia,Australia,3,0,Amistosos Internacionales
18/11/2025,Canadá,Venezuela,2,0,Amistosos Internacionales
18/11/2025,Ecuador,Nueva Zelanda,2,0,Amistosos Internacionales
18/11/2025,México,Paraguay,1,2,Amistosos Internacionales
18/11/2025,Trinidad y Tobago,Bermudas,2,2,Campeonato del Mundo
18/11/2025,Costa Rica,Honduras,0,0,Campeonato del Mundo
18/11/2025,Jamaica,Curazao,0,0,Campeonato del Mundo
18/11/2025,Panamá,El Salvador,3,0,Campeonato del Mundo
18/11/2025,Guatemala,Surinam,3,1,Campeonato del Mundo
18/11/2025,Haití,Nicaragua,2,0,Campeonato del Mundo
18/11/2025,EE. UU.,Uruguay,5,1,Amistosos Internacionales
18/11/2025,Austria,Bosnia-Herzegovina,1,1,Campeonato del Mundo
18/11/2025,Bélgica,Liechtenstein,7,0,Campeonato del Mundo
18/11/2025,Bielorrusia,Grecia,0,0,Campeonato del Mundo
18/11/2025,Bulgaria,Georgia,2,1,Campeonato del Mundo
18/11/2025,Escocia,Dinamarca,4,2,Campeonato del Mundo
18/11/2025,Suecia,Eslovenia,1,1,Campeonato del Mundo
18/11/2025,España,Turquía,2,2,Campeonato del Mundo
18/11/2025,Gales,Macedonia del Norte,7,1,Campeonato del Mundo
18/11/2025,Kosovo,Suiza,1,1,Campeonato del Mundo
18/11/2025,Rumanía,San Marino,7,1,Campeonato del Mundo
18/11/2025,Brasil,Túnez,1,1,Amistosos Internacionales
18/11/2025,Marruecos,Uganda,4,0,Amistosos Internacionales
18/11/2025,Jordania,Mali,0,0,Amistosos Internacionales
18/11/2025,Cataluña,Palestina,2,1,Amistosos Internacionales
18/11/2025,Chile,Perú,2,1,Amistosos Internacionales
18/11/2025,Arabia Saudí,Argelia,0,2,Amistosos Internacionales
18/11/2025,Angola,Zambia,3,2,Amistosos Internacionales
18/11/2025,Burkina Faso,Benín,3,0,Amistosos Internacionales
18/11/2025,Irak,Emiratos Árabes Unidos,2,1,Campeonato del Mundo
18/11/2025,Uzbekistán,Irán,1,0,Amistosos Internacionales
18/11/2025,Guinea,Níger,1,1,Amistosos Internacionales
18/11/2025,Omán,Costa de Marfil,0,2,Amistosos Internacionales
18/11/2025,Senegal,Kenia,8,0,Amistosos Internacionales
18/11/2025,Hong Kong,Singapur,1,2,Copa Asiática
18/11/2025,Corea del Sur,Ghana,1,0,Amistosos Internacionales
18/11/2025,Japón,Bolivia,3,0,Amistosos Internacionales
18/11/2025,Sri Lanka,Tailandia,0,4,Copa Asiática
17/11/2025,Alemania,Eslovaquia,6,0,Campeonato del Mundo
17/11/2025,Montenegro,Croacia,2,3,Campeonato del Mundo
17/11/2025,Irlanda del Norte,Luxemburgo,1,0,Campeonato del Mundo
17/11/2025,Países Bajos,Lituania,4,0,Campeonato del Mundo
17/11/2025,Malta,Polonia,2,3,Campeonato del Mundo
17/11/2025,República Checa,Gibraltar,6,0,Campeonato del Mundo
17/11/2025,Finlandia,Andorra,4,0,Amistosos Internacionales
17/11/2025,Catar,Zimbabue,1,2,Amistosos Internacionales
17/11/2025,Egipto,Cabo Verde,2,1,Amistosos Internacionales
16/11/2025,Italia,Noruega,1,4,Campeonato del Mundo
16/11/2025,Nigeria,RD Congo,1,2,Campeonato del Mundo
16/11/2025,Albania,Inglaterra,0,2,Campeonato del Mundo
16/11/2025,Azerbaiyán,Francia,1,3,Campeonato del Mundo
16/11/2025,Serbia,Letonia,2,1,Campeonato del Mundo
16/11/2025,Ucrania,Islandia,2,0,Campeonato del Mundo
16/11/2025,Portugal,Armenia,9,1,Campeonato del Mundo
15/11/2025,México,Uruguay,0,0,Amistosos Internacionales
15/11/2025,Colombia,Nueva Zelanda,2,1,Amistosos Internacionales
15/11/2025,EE. UU.,Paraguay,2,1,Amistosos Internacionales
15/11/2025,Barbados,Aruba,0,3,CONCACAF Series
15/11/2025,Dinamarca,Bielorrusia,2,2,Campeonato del Mundo
15/11/2025,Bosnia-Herzegovina,Rumanía,3,1,Campeonato del Mundo
15/11/2025,Grecia,Escocia,3,2,Campeonato del Mundo
15/11/2025,Eslovenia,Kosovo,0,2,Campeonato del Mundo
15/11/2025,Suiza,Suecia,4,1,Campeonato del Mundo
15/11/2025,País Vasco,Palestina,3,0,Amistosos Internacionales
15/11/2025,Chipre,Austria,0,2,Campeonato del Mundo
15/11/2025,Turquía,Bulgaria,2,0,Campeonato del Mundo
15/11/2025,Georgia,España,0,4,Campeonato del Mundo
15/11/2025,Liechtenstein,Gales,0,1,Campeonato del Mundo
15/11/2025,Brasil,Senegal,2,0,Amistosos Internacionales
15/11/2025,Guinea,Liberia,2,0,Amistosos Internacionales
15/11/2025,Rusia,Chile,0,2,Amistosos Internacionales
15/11/2025,Kazajistán,Bélgica,1,1,Campeonato del Mundo
15/11/2025,Libia,Mauritania,1,0,Amistosos Internacionales
15/11/2025,Sudáfrica,Zambia,3,1,Amistosos Internacionales
14/11/2025,Venezuela,Australia,1,0,Amistosos Internacionales
14/11/2025,Luxemburgo,Alemania,0,2,Campeonato del Mundo
14/11/2025,Croacia,Islas Feroe,3,1,Campeonato del Mundo
14/11/2025,Eslovaquia,Irlanda del Norte,1,0,Campeonato del Mundo
14/11/2025,Gibraltar,Montenegro,1,2,Campeonato del Mundo
14/11/2025,Polonia,Países Bajos,1,1,Campeonato del Mundo
14/11/2025,Marruecos,Mozambique,1,0,Amistosos Internacionales
14/11/2025,Burkina Faso,Níger,3,2,Amistosos Internacionales
14/11/2025,Finlandia,Malta,0,1,Campeonato del Mundo
14/11/2025,Túnez,Jordania,3,2,Amistosos Internacionales
14/11/2025,Arabia Saudí,Costa de Marfil,1,0,Amistosos Internacionales
14/11/2025,Angola,Argentina,0,2,Amistosos Internacionales
14/11/2025,Uzbekistán,Egipto,2,0,Amistosos Internacionales
14/11/2025,Omán,Sudán,2,0,Amistosos Internacionales
14/11/2025,Corea del Sur,Bolivia,2,0,Amistosos Internacionales
14/11/2025,Japón,Ghana,2,0,Amistosos Internacionales
13/11/2025,Haití,Costa Rica,1,0,Campeonato del Mundo
13/11/2025,Guatemala,Panamá,2,3,Campeonato del Mundo
13/11/2025,Nicaragua,Honduras,2,0,Campeonato del Mundo
13/11/2025,Canadá,Ecuador,0,0,Amistosos Internacionales
13/11/2025,Bermudas,Curazao,0,7,Campeonato del Mundo
13/11/2025,Trinidad y Tobago,Jamaica,1,1,Campeonato del Mundo
13/11/2025,Surinam,El Salvador,4,0,Campeonato del Mundo
13/11/2025,Andorra,Albania,0,1,Campeonato del Mundo
13/11/2025,Francia,Ucrania,4,0,Campeonato del Mundo
13/11/2025,Inglaterra,Serbia,2,0,Campeonato del Mundo
13/11/2025,Moldavia,Italia,0,2,Campeonato del Mundo
13/11/2025,Irlanda,Portugal,2,0,Campeonato del Mundo
13/11/2025,Camerún,RD Congo,0,1,Campeonato del Mundo
13/11/2025,Noruega,Estonia,4,1,Campeonato del Mundo
13/11/2025,República Checa,San Marino,1,0,Amistosos Internacionales
13/11/2025,Argelia,Zimbabue,3,1,Amistosos Internacionales
13/11/2025,Irán,Cabo Verde,1,0,Amistosos Internacionales
13/11/2025,Emiratos Árabes Unidos,Irak,1,1,Campeonato del Mundo
13/11/2025,Nigeria,Gabón,4,1,Campeonato del Mundo
13/11/2025,Tailandia,Singapur,3,2,Amistosos Internacionales
12/11/2025,Antigua & Barbuda,Aruba,0,0,CONCACAF Series
12/11/2025,Rusia,Perú,1,1,Amistosos Internacionales
12/11/2025,Túnez,Mauritania,1,1,Amistosos Internacionales
14/10/2025,México,Ecuador,1,1,Amistosos Internacionales
14/10/2025,El Salvador,Guatemala,0,1,Campeonato del Mundo
14/10/2025,EE. UU.,Australia,2,1,Amistosos Internacionales
14/10/2025,Panamá,Surinam,1,1,Campeonato del Mundo
14/10/2025,Canadá,Colombia,0,0,Amistosos Internacionales
14/10/2025,Puerto Rico,Argentina,0,6,Amistosos Internacionales
14/10/2025,Jamaica,Bermudas,4,0,Campeonato del Mundo
14/10/2025,Curazao,Trinidad y Tobago,1,1,Campeonato del Mundo
14/10/2025,Costa de Marfil,Kenia,3,0,Campeonato del Mundo
14/10/2025,Marruecos,Congo,1,0,Campeonato del Mundo
14/10/2025,Senegal,Mauritania,4,0,Campeonato del Mundo
14/10/2025,RD Congo,Sudán,1,0,Campeonato del Mundo
14/10/2025,Andorra,Serbia,1,3,Campeonato del Mundo
14/10/2025,Arabia Saudí,Irak,0,0,Campeonato del Mundo
14/10/2025,España,Bulgaria,4,0,Campeonato del Mundo
14/10/2025,Letonia,Inglaterra,0,5,Campeonato del Mundo
14/10/2025,Italia,Israel,3,0,Campeonato del Mundo
14/10/2025,Portugal,Hungría,2,2,Campeonato del Mundo
14/10/2025,Turquía,Georgia,4,1,Campeonato del Mundo
14/10/2025,Albania,Jordania,4,2,Amistosos Internacionales
14/10/2025,Rusia,Bolivia,3,0,Amistosos Internacionales
14/10/2025,Catar,Emiratos Árabes Unidos,2,1,Campeonato del Mundo
14/10/2025,Argelia,Uganda,2,1,Campeonato del Mundo
14/10/2025,Nigeria,Benín,4,0,Campeonato del Mundo
14/10/2025,Guinea,Botsuana,2,2,Campeonato del Mundo
14/10/2025,Noruega,Nueva Zelanda,1,1,Amistosos Internacionales
14/10/2025,Sudáfrica,Ruanda,3,0,Campeonato del Mundo
14/10/2025,Irán,Tanzania,2,0,Amistosos Internacionales
14/10/2025,India,Singapur,1,2,Copa Asiática
14/10/2025,Nepal,Vietnam,0,1,Copa Asiática
14/10/2025,Corea del Sur,Paraguay,2,0,Amistosos Internacionales
14/10/2025,Japón,Brasil,3,2,Amistosos Internacionales
14/10/2025,China Taipei,Tailandia,1,6,Copa Asiática
13/10/2025,Costa Rica,Nicaragua,4,1,Campeonato del Mundo
13/10/2025,Honduras,Haití,3,0,Campeonato del Mundo
13/10/2025,Irlanda del Norte,Alemania,0,1,Campeonato del Mundo
13/10/2025,Gales,Bélgica,2,4,Campeonato del Mundo
13/10/2025,Eslovaquia,Luxemburgo,2,0,Campeonato del Mundo
13/10/2025,Eslovenia,Suiza,0,0,Campeonato del Mundo
13/10/2025,Islandia,Francia,2,2,Campeonato del Mundo
13/10/2025,Suecia,Kosovo,0,1,Campeonato del Mundo
13/10/2025,Ucrania,Azerbaiyán,2,1,Campeonato del Mundo
13/10/2025,Argelia B,Palestina,0,1,Amistosos Internacionales
13/10/2025,Camerún,Angola,0,0,Campeonato del Mundo
13/10/2025,Cabo Verde,Eswatini,3,0,Campeonato del Mundo
13/10/2025,Montenegro,Liechtenstein,2,1,Amistosos Internacionales
13/10/2025,Túnez,Namibia,3,0,Campeonato del Mundo
13/10/2025,Uzbekistán,Uruguay,1,2,Amistosos Internacionales
12/10/2025,Egipto,Guinea-Bisáu,1,0,Campeonato del Mundo
12/10/2025,Ghana,Comores,1,0,Campeonato del Mundo
12/10/2025,Rumanía,Austria,1,0,Campeonato del Mundo
12/10/2025,Croacia,Gibraltar,3,0,Campeonato del Mundo
12/10/2025,Dinamarca,Grecia,3,1,Campeonato del Mundo
12/10/2025,Lituania,Polonia,0,2,Campeonato del Mundo
12/10/2025,Malta,Bosnia-Herzegovina,1,4,Amistosos Internacionales
12/10/2025,Escocia,Bielorrusia,2,1,Campeonato del Mundo
12/10/2025,Países Bajos,Finlandia,4,0,Campeonato del Mundo
12/10/2025,Islas Feroe,República Checa,2,1,Campeonato del Mundo
12/10/2025,Zambia,Níger,0,1,Campeonato del Mundo
11/10/2025,México,Colombia,0,4,Amistosos Internacionales
11/10/2025,Irak,Indonesia,1,0,Campeonato del Mundo
11/10/2025,Serbia,Albania,0,1,Campeonato del Mundo
11/10/2025,Bulgaria,Turquía,1,6,Campeonato del Mundo
11/10/2025,España,Georgia,2,0,Campeonato del Mundo
11/10/2025,Estonia,Italia,1,3,Campeonato del Mundo
11/10/2025,Portugal,Irlanda,1,0,Campeonato del Mundo
11/10/2025,Emiratos Árabes Unidos,Omán,2,1,Campeonato del Mundo
11/10/2025,Noruega,Israel,5,0,Campeonato del Mundo
11/10/2025,Letonia,Andorra,2,2,Campeonato del Mundo
10/10/2025,El Salvador,Panamá,0,1,Campeonato del Mundo
10/10/2025,EE. UU.,Ecuador,1,1,Amistosos Internacionales
10/10/2025,Argentina,Venezuela,1,0,Amistosos Internacionales
10/10/2025,Canadá,Australia,0,1,Amistosos Internacionales
10/10/2025,Chile,Perú,2,1,Amistosos Internacionales
10/10/2025,Curazao,Jamaica,2,0,Campeonato del Mundo
10/10/2025,Bermudas,Trinidad y Tobago,0,3,Campeonato del Mundo
10/10/2025,Surinam,Guatemala,1,1,Campeonato del Mundo
10/10/2025,Alemania,Luxemburgo,4,0,Campeonato del Mundo
10/10/2025,Bélgica,Macedonia del Norte,0,0,Campeonato del Mundo
10/10/2025,Irlanda del Norte,Eslovaquia,2,0,Campeonato del Mundo
10/10/2025,Kosovo,Eslovenia,0,0,Campeonato del Mundo
10/10/2025,Francia,Azerbaiyán,3,0,Campeonato del Mundo
10/10/2025,Suecia,Suiza,0,2,Campeonato del Mundo
10/10/2025,Islandia,Ucrania,3,5,Campeonato del Mundo
10/10/2025,Rusia,Irán,2,1,Amistosos Internacionales
10/10/2025,Ruanda,Benín,0,1,Campeonato del Mundo
10/10/2025,Bolivia,Jordania,1,0,Amistosos Internacionales
10/10/2025,Lesoto,Nigeria,1,2,Campeonato del Mundo
10/10/2025,Zimbabue,Sudáfrica,0,0,Campeonato del Mundo
10/10/2025,Santo Tomé y Príncipe,Túnez,0,6,Campeonato del Mundo
10/10/2025,Seychelles,Costa de Marfil,0,7,Campeonato del Mundo
10/10/2025,Sudán,Mauritania,0,0,Campeonato del Mundo
10/10/2025,Togo,RD Congo,0,1,Campeonato del Mundo
10/10/2025,Sudán del Sur,Senegal,0,5,Campeonato del Mundo
10/10/2025,Uruguay,República Dominicana,1,0,Amistosos Internacionales
10/10/2025,Corea del Sur,Brasil,0,5,Amistosos Internacionales
10/10/2025,Japón,Paraguay,2,2,Amistosos Internacionales
09/10/2025,Honduras,Costa Rica,0,0,Campeonato del Mundo
09/10/2025,Nicaragua,Haití,0,3,Campeonato del Mundo
09/10/2025,Argelia B,Palestina,3,0,Amistosos Internacionales
09/10/2025,Marruecos,Bahréin,1,0,Amistosos Internacionales
09/10/2025,Austria,San Marino,10,0,Campeonato del Mundo
09/10/2025,Bielorrusia,Dinamarca,0,6,Campeonato del Mundo
09/10/2025,Chipre,Bosnia-Herzegovina,2,2,Campeonato del Mundo
09/10/2025,República Checa,Croacia,0,0,Campeonato del Mundo
09/10/2025,Escocia,Grecia,3,1,Campeonato del Mundo
09/10/2025,Inglaterra,Gales,3,0,Amistosos Internacionales
09/10/2025,Islas Feroe,Montenegro,4,0,Campeonato del Mundo
09/10/2025,Polonia,Nueva Zelanda,1,0,Amistosos Internacionales
09/10/2025,Malta,Países Bajos,0,4,Campeonato del Mundo
09/10/2025,Rumanía,Moldavia,2,1,Amistosos Internacionales
09/10/2025,Somalia,Argelia,0,3,Campeonato del Mundo
09/10/2025,Finlandia,Lituania,2,1,Campeonato del Mundo
09/10/2025,Mozambique,Guinea,1,2,Campeonato del Mundo
09/10/2025,Uzbekistán,Kuwait,2,0,Amistosos Internacionales
09/10/2025,Tailandia,China Taipei,2,0,Copa Asiática
09/10/2025,Vietnam,Nepal,3,1,Copa Asiática
09/10/2025,Singapur,India,1,1,Copa Asiática
08/10/2025,Níger,Congo,3,1,Campeonato del Mundo
08/10/2025,Indonesia,Arabia Saudí,2,3,Campeonato del Mundo
08/10/2025,Yibuti,Egipto,0,3,Campeonato del Mundo
08/10/2025,República Centroafricana,Ghana,0,5,Campeonato del Mundo
08/10/2025,Omán,Catar,0,0,Campeonato del Mundo
08/10/2025,Eswatini,Angola,2,2,Campeonato del Mundo
08/10/2025,Libia,Cabo Verde,3,3,Campeonato del Mundo
08/10/2025,Mauricio,Camerún,0,2,Campeonato del Mundo
09/09/2025,Costa Rica,Haití,3,3,Campeonato del Mundo
09/09/2025,Honduras,Nicaragua,2,0,Campeonato del Mundo
09/09/2025,México,Corea del Sur,2,2,Amistosos Internacionales
09/09/2025,Curazao,Bermudas,3,2,Campeonato del Mundo
09/09/2025,Jamaica,Trinidad y Tobago,2,0,Campeonato del Mundo
09/09/2025,Bolivia,Brasil,1,0,Campeonato del Mundo
09/09/2025,Chile,Uruguay,0,0,Campeonato del Mundo
09/09/2025,Venezuela,Colombia,3,6,Campeonato del Mundo
09/09/2025,EE. UU.,Japón,2,0,Amistosos Internacionales
09/09/2025,Perú,Paraguay,0,1,Campeonato del Mundo
09/09/2025,Ecuador,Argentina,1,0,Campeonato del Mundo
09/09/2025,Angola,Mauricio,3,1,Campeonato del Mundo
09/09/2025,Benín,Lesoto,4,0,Campeonato del Mundo
09/09/2025,Gabón,Costa de Marfil,0,0,Campeonato del Mundo
09/09/2025,Egipto,Túnez,3,0,Amistosos Internacionales
09/09/2025,Mauritania,Sudán del Sur,0,0,Campeonato del Mundo
09/09/2025,Albania,Letonia,1,0,Campeonato del Mundo
09/09/2025,Bosnia-Herzegovina,Austria,1,2,Campeonato del Mundo
09/09/2025,Gales,Canadá,0,1,Amistosos Internacionales
09/09/2025,Francia,Islandia,2,1,Campeonato del Mundo
09/09/2025,Serbia,Inglaterra,0,5,Campeonato del Mundo
09/09/2025,Noruega,Moldavia,11,1,Campeonato del Mundo
09/09/2025,Hungría,Portugal,2,3,Campeonato del Mundo
09/09/2025,Chipre,Rumanía,2,2,Campeonato del Mundo
09/09/2025,Jordania,República Dominicana,3,0,Amistosos Internacionales
09/09/2025,Estonia,Andorra,0,0,Amistosos Internacionales
09/09/2025,Cabo Verde,Camerún,1,0,Campeonato del Mundo
09/09/2025,Burkina Faso,Egipto,0,0,Campeonato del Mundo
09/09/2025,Sudáfrica,Nigeria,1,1,Campeonato del Mundo
09/09/2025,RD Congo,Senegal,2,3,Campeonato del Mundo
09/09/2025,Azerbaiyán,Ucrania,1,1,Campeonato del Mundo
09/09/2025,Tanzania,Níger,0,1,Campeonato del Mundo
09/09/2025,Singapur,Birmania,1,1,Amistosos Internacionales
09/09/2025,Nueva Zelanda,Australia,1,3,Amistosos Internacionales
08/09/2025,Panamá,Guatemala,1,1,Campeonato del Mundo
08/09/2025,El Salvador,Surinam,1,2,Campeonato del Mundo
08/09/2025,Ghana,Mali,1,0,Campeonato del Mundo
08/09/2025,Bielorrusia,Escocia,0,2,Campeonato del Mundo
08/09/2025,Croacia,Montenegro,4,0,Campeonato del Mundo
08/09/2025,Grecia,Dinamarca,0,3,Campeonato del Mundo
08/09/2025,Suiza,Eslovenia,3,0,Campeonato del Mundo
08/09/2025,Israel,Italia,4,5,Campeonato del Mundo
08/09/2025,Kosovo,Suecia,2,0,Campeonato del Mundo
08/09/2025,República Checa,Arabia Saudí,1,1,Amistosos Internacionales
08/09/2025,Emiratos Árabes Unidos,Bahréin,1,0,Amistosos Internacionales
08/09/2025,Guinea,Argelia,0,0,Campeonato del Mundo
08/09/2025,Uzbekistán,Irán,1,0,CAFA Nations Cup
08/09/2025,Indonesia,Líbano,0,0,Amistosos Internacionales
08/09/2025,Zambia,Marruecos,0,2,Campeonato del Mundo
08/09/2025,Malasia,Palestina,1,0,Amistosos Internacionales
08/09/2025,Guinea Ecuatorial,Túnez,0,1,Campeonato del Mundo
08/09/2025,Omán,India,1,2,CAFA Nations Cup
07/09/2025,Alemania,Irlanda del Norte,3,1,Campeonato del Mundo
07/09/2025,Bélgica,Kazajistán,6,0,Campeonato del Mundo
07/09/2025,Luxemburgo,Eslovaquia,0,1,Campeonato del Mundo
07/09/2025,Turquía,España,0,6,Campeonato del Mundo
07/09/2025,Polonia,Finlandia,3,1,Campeonato del Mundo
07/09/2025,Lituania,Países Bajos,2,3,Campeonato del Mundo
07/09/2025,Catar,Rusia,1,4,Amistosos Internacionales
07/09/2025,Georgia,Bulgaria,3,0,Campeonato del Mundo
07/09/2025,Tailandia,Irak,0,1,Kings Cup - Tailandia
06/09/2025,México,Japón,0,0,Amistosos Internacionales
06/09/2025,EE. UU.,Corea del Sur,0,2,Amistosos Internacionales
06/09/2025,Austria,Chipre,1,0,Campeonato del Mundo
06/09/2025,San Marino,Bosnia-Herzegovina,0,6,Campeonato del Mundo
06/09/2025,Egipto,Túnez,1,0,Amistosos Internacionales
06/09/2025,Inglaterra,Andorra,2,0,Campeonato del Mundo
06/09/2025,Nigeria,Ruanda,1,0,Campeonato del Mundo
06/09/2025,Armenia,Portugal,0,5,Campeonato del Mundo
06/09/2025,Letonia,Serbia,0,1,Campeonato del Mundo
05/09/2025,Nicaragua,Costa Rica,1,1,Campeonato del Mundo
05/09/2025,Trinidad y Tobago,Curazao,0,0,Campeonato del Mundo
05/09/2025,Haití,Honduras,0,0,Campeonato del Mundo
05/09/2025,Bermudas,Jamaica,0,4,Campeonato del Mundo
05/09/2025,Costa de Marfil,Burundi,1,0,Campeonato del Mundo
05/09/2025,Egipto,Etiopía,2,0,Campeonato del Mundo
05/09/2025,Marruecos,Níger,5,0,Campeonato del Mundo
05/09/2025,Mauritania,Togo,2,0,Campeonato del Mundo
05/09/2025,Senegal,Sudán,2,0,Campeonato del Mundo
05/09/2025,Grecia,Bielorrusia,5,1,Campeonato del Mundo
05/09/2025,Islas Feroe,Croacia,0,1,Campeonato del Mundo
05/09/2025,Dinamarca,Escocia,0,0,Campeonato del Mundo
05/09/2025,Eslovenia,Suecia,2,2,Campeonato del Mundo
05/09/2025,Ucrania,Francia,0,2,Campeonato del Mundo
05/09/2025,Italia,Estonia,5,0,Campeonato del Mundo
05/09/2025,Suiza,Kosovo,4,0,Campeonato del Mundo
05/09/2025,Montenegro,República Checa,0,2,Campeonato del Mundo
05/09/2025,Rumanía,Canadá,0,3,Amistosos Internacionales
05/09/2025,Benín,Zimbabue,1,0,Campeonato del Mundo
05/09/2025,Lesoto,Sudáfrica,0,3,Campeonato del Mundo
05/09/2025,Uzbekistán,Kirguistán,4,0,CAFA Nations Cup
05/09/2025,Indonesia,China Taipei,6,0,Amistosos Internacionales
05/09/2025,Sudán del Sur,RD Congo,1,4,Campeonato del Mundo
05/09/2025,Somalia,Guinea,0,3,Campeonato del Mundo
05/09/2025,Turkmenistán,Omán,1,2,CAFA Nations Cup
05/09/2025,Australia,Nueva Zelanda,1,0,Amistosos Internacionales
04/09/2025,Guatemala,El Salvador,0,1,Campeonato del Mundo
04/09/2025,Brasil,Chile,3,0,Campeonato del Mundo
04/09/2025,Argentina,Venezuela,3,0,Campeonato del Mundo
04/09/2025,Colombia,Bolivia,3,0,Campeonato del Mundo
04/09/2025,Paraguay,Ecuador,0,0,Campeonato del Mundo
04/09/2025,Uruguay,Perú,3,0,Campeonato del Mundo
04/09/2025,Surinam,Panamá,0,0,Campeonato del Mundo
04/09/2025,Argelia,Botsuana,3,1,Campeonato del Mundo
04/09/2025,Camerún,Eswatini,3,0,Campeonato del Mundo
04/09/2025,Túnez,Liberia,3,0,Campeonato del Mundo
04/09/2025,Eslovaquia,Alemania,2,0,Campeonato del Mundo
04/09/2025,Liechtenstein,Bélgica,0,6,Campeonato del Mundo
04/09/2025,Bulgaria,España,0,3,Campeonato del Mundo
04/09/2025,Luxemburgo,Irlanda del Norte,1,3,Campeonato del Mundo
04/09/2025,Países Bajos,Polonia,1,1,Campeonato del Mundo
04/09/2025,Rusia,Jordania,0,0,Amistosos Internacionales
04/09/2025,Emiratos Árabes Unidos,Siria,3,1,Amistosos Internacionales
04/09/2025,Gibraltar,Albania,0,1,Amistosos Internacionales
04/09/2025,Angola,Libia,0,1,Campeonato del Mundo
04/09/2025,Mauricio,Cabo Verde,0,2,Campeonato del Mundo
04/09/2025,Noruega,Finlandia,1,0,Amistosos Internacionales
04/09/2025,Georgia,Turquía,2,3,Campeonato del Mundo
04/09/2025,Tayikistán,Irán,2,2,CAFA Nations Cup
04/09/2025,Arabia Saudí,Macedonia del Norte,2,1,Amistosos Internacionales
04/09/2025,Kazajistán,Gales,0,1,Campeonato del Mundo
04/09/2025,Chad,Ghana,1,1,Campeonato del Mundo
04/09/2025,Malasia,Singapur,2,1,Amistosos Internacionales
04/09/2025,Tailandia,Fiyi,3,0,Kings Cup - Tailandia
04/09/2025,Irak,Hong Kong,2,1,Kings Cup - Tailandia
03/09/2025,Catar,Bahréin,2,2,Amistosos Internacionales
02/09/2025,Turkmenistán,Uzbekistán,1,2,CAFA Nations Cup
02/09/2025,Omán,Kirguistán,2,1,CAFA Nations Cup
01/09/2025,India,Irán,0,3,CAFA Nations Cup
30/08/2025,Madagascar,Marruecos,2,3,Campeonato Africano de Naciones
30/08/2025,Uzbekistán,Omán,1,1,CAFA Nations Cup
29/08/2025,Sudán,Senegal,1,2,Campeonato Africano de Naciones
29/08/2025,Irán,Afganistán,3,1,CAFA Nations Cup
26/08/2025,Marruecos,Senegal,2,1,Campeonato Africano de Naciones
24/08/2025,Catar,Líbano,0,1,Amistosos Internacionales
23/08/2025,Sudán,Argelia,2,1,Campeonato Africano de Naciones
23/08/2025,Uganda,Senegal,0,1,Campeonato Africano de Naciones
22/08/2025,Tanzania,Marruecos,0,1,Campeonato Africano de Naciones
19/08/2025,Nigeria,Congo,2,0,Campeonato Africano de Naciones
19/08/2025,Sudán,Senegal,0,0,Campeonato Africano de Naciones
18/08/2025,Argelia,Níger,0,0,Campeonato Africano de Naciones
18/08/2025,Sudáfrica,Uganda,3,3,Campeonato Africano de Naciones
17/08/2025,Catar,Catar Sub-23,3,1,Amistosos Internacionales
17/08/2025,RD Congo,Marruecos,1,3,Campeonato Africano de Naciones
15/08/2025,Níger,Sudáfrica,0,0,Campeonato Africano de Naciones
15/08/2025,Guinea,Argelia,1,1,Campeonato Africano de Naciones
14/08/2025,Angola,RD Congo,0,2,Campeonato Africano de Naciones
14/08/2025,Marruecos,Zambia,3,1,Campeonato Africano de Naciones
13/08/2025,Mauritania,Burkina Faso,1,0,Campeonato Africano de Naciones
12/08/2025,Sudán,Nigeria,4,0,Campeonato Africano de Naciones
12/08/2025,Senegal,Congo,1,1,Campeonato Africano de Naciones
11/08/2025,Uganda,Níger,2,0,Campeonato Africano de Naciones
11/08/2025,Sudáfrica,Guinea,2,1,Campeonato Africano de Naciones
10/08/2025,Zambia,Angola,1,2,Campeonato Africano de Naciones
10/08/2025,Kenia,Marruecos,1,0,Campeonato Africano de Naciones
09/08/2025,República Centroafricana,Mauritania,0,1,Campeonato Africano de Naciones
08/08/2025,Guinea,Uganda,0,3,Campeonato Africano de Naciones
08/08/2025,Argelia,Sudáfrica,1,1,Campeonato Africano de Naciones
07/08/2025,Angola,Kenia,1,1,Campeonato Africano de Naciones
07/08/2025,RD Congo,Zambia,2,0,Campeonato Africano de Naciones
06/08/2025,Mauritania,Tanzania,0,1,Campeonato Africano de Naciones
05/08/2025,Senegal,Nigeria,1,0,Campeonato Africano de Naciones
04/08/2025,Uganda,Argelia,0,3,Campeonato Africano de Naciones
04/08/2025,Níger,Guinea,0,1,Campeonato Africano de Naciones
03/08/2025,Madagascar,Mauritania,0,0,Campeonato Africano de Naciones
03/08/2025,Marruecos,Angola,2,0,Campeonato Africano de Naciones
03/08/2025,Kenia,RD Congo,1,0,Campeonato Africano de Naciones
31/07/2025,Lecce,Emiratos Árabes Unidos,1,3,Amistosos Internacionales
31/07/2025,Zanzíbar,Nigeria,2,2,Amistosos Internacionales
29/07/2025,Argelia,Mauritania,2,2,Amistosos Internacionales
29/07/2025,Sudáfrica,Angola,1,1,Amistosos Internacionales
28/07/2025,Zanzíbar,Nigeria,0,0,Amistosos Internacionales
27/07/2025,Guinea,República Centroafricana,1,1,Amistosos Internacionales
27/07/2025,Tanzania,Senegal,2,1,Amistosos Internacionales
26/07/2025,Catar,Udinese,0,3,Amistosos Internacionales
25/07/2025,Marruecos,Burkina Faso,1,3,Amistosos Internacionales
24/07/2025,República Centroafricana,Níger,0,0,Amistosos Internacionales
24/07/2025,Senegal,Uganda,1,2,Amistosos Internacionales
23/07/2025,Metalist 1925,Catar,0,2,Amistosos Internacionales
19/07/2025,Marruecos,Burkina Faso,2,1,Amistosos Internacionales
15/07/2025,Corea del Sur,Japón,0,1,EAFF E-1 Football Championship
15/07/2025,China,Hong Kong,1,0,EAFF E-1 Football Championship
12/07/2025,Japón,China,2,0,EAFF E-1 Football Championship
11/07/2025,Hong Kong,Corea del Sur,0,2,EAFF E-1 Football Championship
08/07/2025,Japón,Hong Kong,6,1,EAFF E-1 Football Championship
07/07/2025,Senegal,Guinea,1,0,Amistosos Internacionales
07/07/2025,Corea del Sur,China,3,0,EAFF E-1 Football Championship
06/07/2025,EE. UU.,México,1,2,Copa Oro
04/07/2025,Senegal,Guinea,0,0,Amistosos Internacionales
02/07/2025,México,Honduras,1,0,Copa Oro
02/07/2025,EE. UU.,Guatemala,2,1,Copa Oro
29/06/2025,EE. UU.,Costa Rica,3,2,Copa Oro
29/06/2025,Canadá,Guatemala,1,2,Copa Oro
28/06/2025,México,Arabia Saudí,2,0,Copa Oro
28/06/2025,Panamá,Honduras,1,2,Copa Oro
24/06/2025,Canadá,El Salvador,2,0,Copa Oro
24/06/2025,Honduras,Curazao,2,1,Copa Oro
24/06/2025,Guadalupe,Guatemala,2,3,Copa Oro
24/06/2025,Panamá,Jamaica,4,1,Copa Oro
22/06/2025,México,Costa Rica,0,0,Copa Oro
22/06/2025,Arabia Saudí,Trinidad y Tobago,1,1,Copa Oro
22/06/2025,EE. UU.,Haití,2,1,Copa Oro
21/06/2025,Honduras,El Salvador,2,0,Copa Oro
21/06/2025,Curazao,Canadá,1,1,Copa Oro
20/06/2025,Guatemala,Panamá,0,1,Copa Oro
20/06/2025,Jamaica,Guadalupe,2,1,Copa Oro
19/06/2025,Arabia Saudí,EE. UU.,0,1,Copa Oro
19/06/2025,Trinidad y Tobago,Haití,1,1,Copa Oro
18/06/2025,Surinam,México,0,2,Copa Oro
18/06/2025,Costa Rica,República Dominicana,2,1,Copa Oro
17/06/2025,Canadá,Honduras,6,0,Copa Oro
17/06/2025,Curazao,El Salvador,0,0,Copa Oro
16/06/2025,Jamaica,Guatemala,0,1,Copa Oro
16/06/2025,Panamá,Guadalupe,5,2,Copa Oro
15/06/2025,Costa Rica,Surinam,4,3,Copa Oro
15/06/2025,Haití,Arabia Saudí,0,1,Copa Oro
15/06/2025,EE. UU.,Trinidad y Tobago,5,0,Copa Oro
15/06/2025,Angola,Sudáfrica,3,0,COSAFA Cup
14/06/2025,México,República Dominicana,3,2,Copa Oro
13/06/2025,Sudáfrica,Comores,3,1,COSAFA Cup
13/06/2025,Angola,Madagascar,4,1,COSAFA Cup
10/06/2025,Honduras,Antigua & Barbuda,2,0,Campeonato del Mundo
10/06/2025,Perú,Ecuador,0,0,Campeonato del Mundo
10/06/2025,Costa Rica,Trinidad y Tobago,2,1,Campeonato del Mundo
10/06/2025,El Salvador,Surinam,1,1,Campeonato del Mundo
10/06/2025,México,Turquía,1,0,Amistosos Internacionales
10/06/2025,Puerto Rico,San Vicente y las Granadinas,2,1,Campeonato del Mundo
10/06/2025,Brasil,Paraguay,1,0,Campeonato del Mundo
10/06/2025,Canadá,Costa de Marfil,0,1,Amistosos Internacionales
10/06/2025,Argentina,Colombia,1,1,Campeonato del Mundo
10/06/2025,EE. UU.,Suiza,0,4,Amistosos Internacionales
10/06/2025,Panamá,Nicaragua,3,0,Campeonato del Mundo
10/06/2025,Jamaica,Guatemala,3,0,Campeonato del Mundo
10/06/2025,Uruguay,Venezuela,2,0,Campeonato del Mundo
10/06/2025,Haití,Curazao,1,5,Campeonato del Mundo
10/06/2025,Nueva Zelanda,Ucrania,1,2,Amistosos Internacionales
10/06/2025,Cuba,Bermudas,1,2,Campeonato del Mundo
10/06/2025,Bolivia,Chile,2,0,Campeonato del Mundo
10/06/2025,Letonia,Albania,1,1,Campeonato del Mundo
10/06/2025,Serbia,Andorra,3,0,Campeonato del Mundo
10/06/2025,San Marino,Austria,0,4,Campeonato del Mundo
10/06/2025,Grecia,Bulgaria,4,0,Amistosos Internacionales
10/06/2025,Israel,Eslovaquia,1,0,Amistosos Internacionales
10/06/2025,Finlandia,Polonia,2,1,Campeonato del Mundo
10/06/2025,Inglaterra,Senegal,1,3,Amistosos Internacionales
10/06/2025,Irlanda del Norte,Islandia,1,0,Amistosos Internacionales
10/06/2025,Luxemburgo,Irlanda,0,0,Amistosos Internacionales
10/06/2025,Países Bajos,Malta,8,0,Campeonato del Mundo
10/06/2025,Rumanía,Chipre,2,0,Campeonato del Mundo
10/06/2025,Arabia Saudí,Australia,1,2,Campeonato del Mundo
10/06/2025,Jordania,Irak,0,1,Campeonato del Mundo
10/06/2025,Palestina,Omán,1,1,Campeonato del Mundo
10/06/2025,Sudáfrica,Mozambique,2,0,Amistosos Internacionales
10/06/2025,Suecia,Argelia,4,3,Amistosos Internacionales
10/06/2025,Bielorrusia,Rusia,1,4,Amistosos Internacionales
10/06/2025,Dinamarca,Lituania,5,0,Amistosos Internacionales
10/06/2025,Malaui,Angola,0,1,COSAFA Cup
10/06/2025,Eslovenia,Bosnia-Herzegovina,2,1,Amistosos Internacionales
10/06/2025,Irán,Corea del Norte,3,0,Campeonato del Mundo
10/06/2025,Burundi,Mauritania,0,0,Amistosos Internacionales
10/06/2025,Níger,Zimbabue,1,1,Amistosos Internacionales
10/06/2025,Turkmenistán,Tailandia,3,1,Copa Asiática
10/06/2025,Kirguistán,Emiratos Árabes Unidos,1,1,Campeonato del Mundo
10/06/2025,Uzbekistán,Catar,3,0,Campeonato del Mundo
10/06/2025,Bangladés,Singapur,1,2,Copa Asiática
10/06/2025,Sudáfrica,Mauricio,0,0,COSAFA Cup
10/06/2025,Malasia,Vietnam,0,3,Copa Asiática
10/06/2025,China,Bahréin,1,0,Campeonato del Mundo
10/06/2025,Corea del Sur,Kuwait,4,0,Campeonato del Mundo
10/06/2025,Japón,Indonesia,6,0,Campeonato del Mundo
09/06/2025,Marruecos,Benín,1,0,Amistosos Internacionales
09/06/2025,Guinea Ecuatorial,Camerún,1,1,Amistosos Internacionales
09/06/2025,Argelia,Ruanda,2,0,Amistosos Internacionales
09/06/2025,Bélgica,Gales,4,3,Campeonato del Mundo
09/06/2025,Croacia,República Checa,5,1,Campeonato del Mundo
09/06/2025,Italia,Moldavia,2,0,Campeonato del Mundo
09/06/2025,Estonia,Noruega,0,1,Campeonato del Mundo
09/06/2025,Montenegro,Armenia,2,2,Amistosos Internacionales
09/06/2025,Kosovo,Comores,4,2,Amistosos Internacionales
09/06/2025,Liechtenstein,Escocia,0,4,Amistosos Internacionales
08/06/2025,Portugal,España,3,2,UEFA Nations League
08/06/2025,Georgia,Cabo Verde,1,1,Amistosos Internacionales
08/06/2025,RD Congo,Madagascar,3,1,Amistosos Internacionales
08/06/2025,Alemania,Francia,0,2,UEFA Nations League
08/06/2025,Angola,Lesoto,4,0,COSAFA Cup
07/06/2025,Belice,Panamá,0,2,Campeonato del Mundo
07/06/2025,Bahamas,Costa Rica,0,8,Campeonato del Mundo
07/06/2025,Nueva Zelanda,Costa de Marfil,1,0,Amistosos Internacionales
07/06/2025,Aruba,Haití,0,5,Campeonato del Mundo
07/06/2025,México,Suiza,2,4,Amistosos Internacionales
07/06/2025,Canadá,Ucrania,4,2,Amistosos Internacionales
07/06/2025,EE. UU.,Turquía,1,2,Amistosos Internacionales
07/06/2025,Anguila,El Salvador,0,3,Campeonato del Mundo
07/06/2025,Islas Caimán,Honduras,0,1,Campeonato del Mundo
07/06/2025,Islas Vírgenes Británicas,Jamaica,0,1,Campeonato del Mundo
07/06/2025,Albania,Serbia,0,0,Campeonato del Mundo
07/06/2025,Austria,Rumanía,2,1,Campeonato del Mundo
07/06/2025,Grecia,Eslovaquia,4,1,Amistosos Internacionales
07/06/2025,Finlandia,Países Bajos,0,2,Campeonato del Mundo
07/06/2025,Dinamarca,Irlanda del Norte,2,1,Amistosos Internacionales
07/06/2025,Andorra,Inglaterra,0,1,Campeonato del Mundo
07/06/2025,Bosnia-Herzegovina,San Marino,1,0,Campeonato del Mundo
07/06/2025,Sudáfrica,Zimbabue,2,0,COSAFA Cup
06/06/2025,Guatemala,República Dominicana,4,2,Campeonato del Mundo
06/06/2025,Nicaragua,Guyana,1,0,Campeonato del Mundo
06/06/2025,Curazao,Santa Lucía,4,0,Campeonato del Mundo
06/06/2025,Venezuela,Bolivia,2,0,Campeonato del Mundo
06/06/2025,Surinam,Puerto Rico,1,0,Campeonato del Mundo
06/06/2025,Colombia,Perú,0,0,Campeonato del Mundo
06/06/2025,Camerún,Uganda,3,0,Amistosos Internacionales
06/06/2025,Marruecos,Túnez,2,0,Amistosos Internacionales
06/06/2025,Níger,Gabón,4,3,Amistosos Internacionales
06/06/2025,Macedonia del Norte,Bélgica,1,1,Campeonato del Mundo
06/06/2025,Gibraltar,Croacia,0,7,Campeonato del Mundo
06/06/2025,Escocia,Islandia,1,3,Amistosos Internacionales
06/06/2025,Gales,Liechtenstein,3,0,Campeonato del Mundo
06/06/2025,Noruega,Italia,3,0,Campeonato del Mundo
06/06/2025,República Checa,Montenegro,2,0,Campeonato del Mundo
06/06/2025,Polonia,Moldavia,2,0,Amistosos Internacionales
06/06/2025,Irlanda,Senegal,1,1,Amistosos Internacionales
06/06/2025,Sudáfrica,Tanzania,0,0,Amistosos Internacionales
06/06/2025,Hungría,Suecia,0,2,Amistosos Internacionales
06/06/2025,Luxemburgo,Eslovenia,0,1,Amistosos Internacionales
06/06/2025,Kosovo,Armenia,5,2,Amistosos Internacionales
06/06/2025,Rusia,Nigeria,1,1,Amistosos Internacionales
06/06/2025,Bulgaria,Chipre,2,2,Amistosos Internacionales
06/06/2025,República Centroafricana,Mauritania,2,1,Amistosos Internacionales
05/06/2025,Chile,Argentina,0,1,Campeonato del Mundo
05/06/2025,Ecuador,Brasil,0,0,Campeonato del Mundo
05/06/2025,Paraguay,Uruguay,2,0,Campeonato del Mundo
05/06/2025,España,Francia,5,4,UEFA Nations League
05/06/2025,Irak,Corea del Sur,0,2,Campeonato del Mundo
05/06/2025,Catar,Irán,1,0,Campeonato del Mundo
05/06/2025,Kuwait,Palestina,0,2,Campeonato del Mundo
05/06/2025,RD Congo,Mali,1,0,Amistosos Internacionales
05/06/2025,Bielorrusia,Kazajistán,4,1,Amistosos Internacionales
05/06/2025,Angola,Namibia,1,1,COSAFA Cup
05/06/2025,Bahréin,Arabia Saudí,0,2,Campeonato del Mundo
05/06/2025,Argelia,Ruanda,2,0,Amistosos Internacionales
05/06/2025,Emiratos Árabes Unidos,Uzbekistán,0,0,Campeonato del Mundo
05/06/2025,Omán,Jordania,0,3,Campeonato del Mundo
05/06/2025,Indonesia,China,1,0,Campeonato del Mundo
05/06/2025,Singapur,Maldivas,3,1,Amistosos Internacionales
05/06/2025,Australia,Japón,1,0,Campeonato del Mundo
04/06/2025,Bermudas,Islas Caimán,5,0,Campeonato del Mundo
04/06/2025,Barbados,Aruba,1,1,Campeonato del Mundo
04/06/2025,Alemania,Portugal,1,2,UEFA Nations League
04/06/2025,Sudáfrica,Mozambique,0,1,COSAFA Cup
04/06/2025,Tailandia,India,2,0,Amistosos Internacionales
03/06/2025,Malasia,Cabo Verde,0,3,Amistosos Internacionales
02/06/2025,Túnez,Burkina Faso,2,0,Amistosos Internacionales
01/06/2025,Puerto Rico,Nicaragua,1,1,Amistosos Internacionales
