competition,season,date,time,home_team,home_goals,away_goals,away_team,home_xg,away_xg,match_report,venue,attendance,referee
Copa America 2024,2024,2024-06-20,20:00,Argentina ar,2,0,ca Canada,,,Match Report,Mercedes-Benz Stadium (Neutral Site),70564.0,Jesús Valenzuela
Copa America 2024,2024,2024-06-22,15:00,Ecuador ec,1,2,ve Venezuela,,,Match Report,Levi's Stadium (Neutral Site),29864.0,Wilmar Roldán
Copa America 2024,2024,2024-06-21,19:00,Peru pe,0,0,cl Chile,,,Match Report,AT&T Stadium (Neutral Site),,Wilton Pereira Sampaio
Copa America 2024,2024,2024-06-23,17:00,United States us,2,0,bo Bolivia,,,Match Report,AT&T Stadium (Neutral Site),47873.0,Maurizio Mariani
Copa America 2024,2024,2024-06-22,20:00,Mexico mx,1,0,jm Jamaica,,,Match Report,NRG Stadium (Neutral Site),53763.0,Ismail Elfath
Copa America 2024,2024,2024-06-24,17:00,Colombia co,2,1,py Paraguay,,,Match Report,NRG Stadium (Neutral Site),,Darío Herrera
Copa America 2024,2024,2024-06-23,21:00,Uruguay uy,3,1,pa Panama,,,Match Report,Hard Rock Stadium (Neutral Site),33425.0,Piero Maza
Copa America 2024,2024,2024-06-25,17:00,Peru pe,0,1,ca Canada,,,Match Report,Children's Mercy Park (Neutral Site),,Mario Escobar
Copa America 2024,2024,2024-06-24,18:00,Brazil br,0,0,cr Costa Rica,,,Match Report,SoFi Stadium (Neutral Site),67158.0,César Arturo Ramos
Copa America 2024,2024,2024-06-26,15:00,Ecuador ec,3,1,jm Jamaica,,,Match Report,Allegiant Stadium (Neutral Site),,Cristián Garay
Copa America 2024,2024,2024-06-25,21:00,Chile cl,0,1,ar Argentina,,,Match Report,MetLife Stadium (Neutral Site),,Andrés Matonte
Copa America 2024,2024,2024-06-26,18:00,Venezuela ve,1,0,mx Mexico,,,Match Report,SoFi Stadium (Neutral Site),72773.0,Raphael Claus
Copa America 2024,2024,2024-06-27,18:00,Panama pa,2,1,us United States,,,Match Report,Mercedes-Benz Stadium (Neutral Site),,Iván Barton
Copa America 2024,2024,2024-06-28,15:00,Colombia co,3,0,cr Costa Rica,,,Match Report,State Farm Stadium (Neutral Site),27386.0,Gustavo Tejera
Copa America 2024,2024,2024-06-27,21:00,Uruguay uy,5,0,bo Bolivia,,,Match Report,MetLife Stadium (Neutral Site),48033.0,Juan Gabriel Benítez
Copa America 2024,2024,2024-06-28,18:00,Paraguay py,1,4,br Brazil,,,Match Report,Allegiant Stadium (Neutral Site),46939.0,Piero Maza
Copa America 2024,2024,2024-06-29,20:00,Argentina ar,2,0,pe Peru,,,Match Report,Hard Rock Stadium (Neutral Site),64972.0,César Arturo Ramos
Copa America 2024,2024,2024-06-29,20:00,Canada ca,0,0,cl Chile,,,Match Report,Inter&Co Stadium (Neutral Site),24481.0,Wilmar Roldán
Copa America 2024,2024,2024-06-30,17:00,Mexico mx,0,0,ec Ecuador,,,Match Report,State Farm Stadium (Neutral Site),62565.0,Mario Escobar
Copa America 2024,2024,2024-06-30,19:00,Jamaica jm,0,3,ve Venezuela,,,Match Report,Q2 Stadium (Neutral Site),20240.0,Maurizio Mariani
Copa America 2024,2024,2024-07-01,20:00,United States us,0,1,uy Uruguay,,,Match Report,GEHA Field at Arrowhead Stadium (Neutral Site),,Kevin Ortega
Copa America 2024,2024,2024-07-01,21:00,Bolivia bo,1,3,pa Panama,,,Match Report,Inter&Co Stadium (Neutral Site),,Edina Alves Batista
Copa America 2024,2024,2024-07-02,18:00,Brazil br,1,1,co Colombia,,,Match Report,Levi's Stadium (Neutral Site),70971.0,Jesús Valenzuela
Copa America 2024,2024,2024-07-02,20:00,Costa Rica cr,2,1,py Paraguay,,,Match Report,Q2 Stadium (Neutral Site),12765.0,Yael Falcón
Copa America 2024,2024,2024-07-04,20:00,Argentina ar,(4) 1,1 (2),ec Ecuador,,,Match Report,NRG Stadium (Neutral Site),,Andrés Matonte
Copa America 2024,2024,2024-07-06,15:00,Colombia co,5,0,pa Panama,,,Match Report,State Farm Stadium (Neutral Site),39740.0,Maurizio Mariani
Copa America 2024,2024,2024-07-05,20:00,Venezuela ve,(3) 1,1 (4),ca Canada,,,Match Report,AT&T Stadium (Neutral Site),,Wilton Pereira Sampaio
Copa America 2024,2024,2024-07-06,18:00,Uruguay uy,(4) 0,0 (2),br Brazil,,,Match Report,Allegiant Stadium (Neutral Site),50770.0,Darío Herrera
Copa America 2024,2024,2024-07-09,20:00,Argentina ar,2,0,ca Canada,,,Match Report,MetLife Stadium (Neutral Site),80102.0,Piero Maza
Copa America 2024,2024,2024-07-10,20:00,Uruguay uy,0,1,co Colombia,,,Match Report,Bank of America Stadium (Neutral Site),70644.0,César Arturo Ramos
Copa America 2024,2024,2024-07-13,20:00,Canada ca,(3) 2,2 (4),uy Uruguay,,,Match Report,Bank of America Stadium (Neutral Site),,Alexis Herrera
Copa America 2024,2024,2024-07-14,20:00,Argentina ar,1,0,co Colombia,,,Match Report,Hard Rock Stadium (Neutral Site),65300.0,Raphael Claus
Euro 2024,2024,2024-06-14,21:00,Germany de,5,1,sct Scotland,,,Match Report,Allianz Arena (Neutral Site),65052.0,Clément Turpin
Euro 2024,2024,2024-06-15,15:00,Hungary hu,1,3,ch Switzerland,,,Match Report,RheinEnergieSTADION (Neutral Site),41676.0,Slavko Vinčič
Euro 2024,2024,2024-06-15,18:00,Spain es,3,0,hr Croatia,,,Match Report,Olympiastadion Berlin (Neutral Site),68844.0,Michael Oliver
Euro 2024,2024,2024-06-15,21:00,Italy it,2,1,al Albania,,,Match Report,Signal Iduna Park (Neutral Site),60512.0,Felix Zwayer
Euro 2024,2024,2024-06-16,15:00,Poland pl,1,2,nl Netherlands,,,Match Report,Volksparkstadion (Neutral Site),48117.0,Artur Soares Dias
Euro 2024,2024,2024-06-16,18:00,Slovenia si,1,1,dk Denmark,,,Match Report,MHPArena (Neutral Site),54000.0,Sandro Schärer
Euro 2024,2024,2024-06-16,21:00,Serbia rs,0,1,eng England,,,Match Report,Veltins-Arena (Neutral Site),48953.0,Daniele Orsato
Euro 2024,2024,2024-06-17,15:00,Romania ro,3,0,ua Ukraine,,,Match Report,Allianz Arena (Neutral Site),61591.0,Glenn Nyberg
Euro 2024,2024,2024-06-17,18:00,Belgium be,0,1,sk Slovakia,,,Match Report,Deutsche Bank Park (Neutral Site),45181.0,Halil Umut Meler
Euro 2024,2024,2024-06-17,21:00,Austria at,0,1,fr France,,,Match Report,Merkur Spielarena (Neutral Site),46425.0,Jesús Gil
Euro 2024,2024,2024-06-18,18:00,Türkiye tr,3,1,ge Georgia,,,Match Report,Signal Iduna Park (Neutral Site),59127.0,Facundo Tello
Euro 2024,2024,2024-06-18,21:00,Portugal pt,2,1,cz Czechia,,,Match Report,Red Bull Arena (Neutral Site),38421.0,Marco Guida
Euro 2024,2024,2024-06-19,15:00,Croatia hr,2,2,al Albania,,,Match Report,Volksparkstadion (Neutral Site),46784.0,François Letexier
Euro 2024,2024,2024-06-19,18:00,Germany de,2,0,hu Hungary,,,Match Report,MHPArena (Neutral Site),54000.0,Danny Makkelie
Euro 2024,2024,2024-06-19,21:00,Scotland sct,1,1,ch Switzerland,,,Match Report,RheinEnergieSTADION (Neutral Site),42711.0,Ivan Kružliak
Euro 2024,2024,2024-06-20,15:00,Slovenia si,1,1,rs Serbia,,,Match Report,Allianz Arena (Neutral Site),63028.0,István Kovács
Euro 2024,2024,2024-06-20,18:00,Denmark dk,1,1,eng England,,,Match Report,Deutsche Bank Park (Neutral Site),46177.0,Artur Soares Dias
Euro 2024,2024,2024-06-20,21:00,Spain es,1,0,it Italy,,,Match Report,Veltins-Arena (Neutral Site),49528.0,Slavko Vinčič
Euro 2024,2024,2024-06-21,15:00,Slovakia sk,1,2,ua Ukraine,,,Match Report,Merkur Spielarena (Neutral Site),43910.0,Michael Oliver
Euro 2024,2024,2024-06-21,18:00,Poland pl,1,3,at Austria,,,Match Report,Olympiastadion Berlin (Neutral Site),69455.0,Halil Umut Meler
Euro 2024,2024,2024-06-21,21:00,Netherlands nl,0,0,fr France,,,Match Report,Red Bull Arena (Neutral Site),38531.0,Anthony Taylor
Euro 2024,2024,2024-06-22,15:00,Georgia ge,1,1,cz Czechia,,,Match Report,Volksparkstadion (Neutral Site),46524.0,Daniel Siebert
Euro 2024,2024,2024-06-22,18:00,Türkiye tr,0,3,pt Portugal,,,Match Report,Signal Iduna Park (Neutral Site),61047.0,Felix Zwayer
Euro 2024,2024,2024-06-22,21:00,Belgium be,2,0,ro Romania,,,Match Report,RheinEnergieSTADION (Neutral Site),42535.0,Szymon Marciniak
Euro 2024,2024,2024-06-23,21:00,Scotland sct,0,1,hu Hungary,,,Match Report,MHPArena (Neutral Site),54000.0,Facundo Tello
Euro 2024,2024,2024-06-23,21:00,Switzerland ch,1,1,de Germany,,,Match Report,Deutsche Bank Park (Neutral Site),46685.0,Daniele Orsato
Euro 2024,2024,2024-06-24,21:00,Croatia hr,1,1,it Italy,,,Match Report,Red Bull Arena (Neutral Site),38322.0,Danny Makkelie
Euro 2024,2024,2024-06-24,21:00,Albania al,0,1,es Spain,,,Match Report,Merkur Spielarena (Neutral Site),46586.0,Glenn Nyberg
Euro 2024,2024,2024-06-25,18:00,France fr,1,1,pl Poland,,,Match Report,Signal Iduna Park (Neutral Site),59728.0,Marco Guida
Euro 2024,2024,2024-06-25,18:00,Netherlands nl,2,3,at Austria,,,Match Report,Olympiastadion Berlin (Neutral Site),68363.0,Ivan Kružliak
Euro 2024,2024,2024-06-25,21:00,England eng,0,0,si Slovenia,,,Match Report,RheinEnergieSTADION (Neutral Site),41536.0,Clément Turpin
Euro 2024,2024,2024-06-25,21:00,Denmark dk,0,0,rs Serbia,,,Match Report,Allianz Arena (Neutral Site),64288.0,François Letexier
Euro 2024,2024,2024-06-26,18:00,Ukraine ua,0,0,be Belgium,,,Match Report,MHPArena (Neutral Site),54000.0,Anthony Taylor
Euro 2024,2024,2024-06-26,18:00,Slovakia sk,1,1,ro Romania,,,Match Report,Deutsche Bank Park (Neutral Site),45033.0,Daniel Siebert
Euro 2024,2024,2024-06-26,21:00,Georgia ge,2,0,pt Portugal,,,Match Report,Veltins-Arena (Neutral Site),49616.0,Sandro Schärer
Euro 2024,2024,2024-06-26,21:00,Czechia cz,1,2,tr Türkiye,,,Match Report,Volksparkstadion (Neutral Site),47683.0,István Kovács
Euro 2024,2024,2024-06-29,18:00,Switzerland ch,2,0,it Italy,,,Match Report,Olympiastadion Berlin (Neutral Site),68172.0,Szymon Marciniak
Euro 2024,2024,2024-06-29,21:00,Germany de,2,0,dk Denmark,,,Match Report,Signal Iduna Park (Neutral Site),61612.0,Michael Oliver
Euro 2024,2024,2024-06-30,18:00,England eng,2,1,sk Slovakia,,,Match Report,Veltins-Arena (Neutral Site),47244.0,Halil Umut Meler
Euro 2024,2024,2024-06-30,21:00,Spain es,4,1,ge Georgia,,,Match Report,RheinEnergieSTADION (Neutral Site),42233.0,François Letexier
Euro 2024,2024,2024-07-01,18:00,France fr,1,0,be Belgium,,,Match Report,Merkur Spielarena (Neutral Site),46810.0,Glenn Nyberg
Euro 2024,2024,2024-07-01,21:00,Portugal pt,(3) 0,0 (0),si Slovenia,,,Match Report,Deutsche Bank Park (Neutral Site),46576.0,Daniele Orsato
Euro 2024,2024,2024-07-02,18:00,Romania ro,0,3,nl Netherlands,,,Match Report,Allianz Arena (Neutral Site),65012.0,Felix Zwayer
Euro 2024,2024,2024-07-02,21:00,Austria at,1,2,tr Türkiye,,,Match Report,Red Bull Arena (Neutral Site),38305.0,Artur Soares Dias
Euro 2024,2024,2024-07-05,18:00,Spain es,2,1,de Germany,,,Match Report,MHPArena (Neutral Site),54000.0,Anthony Taylor
Euro 2024,2024,2024-07-05,21:00,Portugal pt,(3) 0,0 (5),fr France,,,Match Report,Volksparkstadion (Neutral Site),47789.0,Michael Oliver
Euro 2024,2024,2024-07-06,18:00,England eng,(5) 1,1 (3),ch Switzerland,,,Match Report,Merkur Spielarena (Neutral Site),46907.0,Daniele Orsato
Euro 2024,2024,2024-07-06,21:00,Netherlands nl,2,1,tr Türkiye,,,Match Report,Olympiastadion Berlin (Neutral Site),70091.0,Clément Turpin
Euro 2024,2024,2024-07-09,21:00,Spain es,2,1,fr France,,,Match Report,Allianz Arena (Neutral Site),62042.0,Slavko Vinčič
Euro 2024,2024,2024-07-10,21:00,Netherlands nl,1,2,eng England,,,Match Report,Signal Iduna Park (Neutral Site),60926.0,Felix Zwayer
Euro 2024,2024,2024-07-14,21:00,Spain es,2,1,eng England,,,Match Report,Olympiastadion Berlin (Neutral Site),65600.0,François Letexier
UEFA Nations League,2024-2025,2024-08-13,19:30,Carlisle United,0,2,Stoke City,,,Match Report,Brunton Park,4441,
UEFA Nations League,2024-2025,2024-08-13,19:30,Leyton Orient,4,1,Newport County,,,Match Report,Gaughan Group Stadium,2141,
UEFA Nations League,2024-2025,2024-08-13,19:30,Stockport,1,6,Blackburn Rovers,,,Match Report,Edgeley Park,5790,
UEFA Nations League,2024-2025,2024-08-13,19:45,Burton Albion,0,4,Blackpool,,,Match Report,Pirelli Stadium,1522,
UEFA Nations League,2024-2025,2024-08-13,19:45,Lincoln City,1,2,Harrogate Town FC,,,Match Report,LNER Stadium,3507,
UEFA Nations League,2024-2025,2024-08-13,19:45,Bolton Wanderers,(5) 1,1 (4),Mansfield Town,,,Match Report,Toughsheet Community Stadium,4131,Adam Herczeg
UEFA Nations League,2024-2025,2024-08-13,19:45,Oxford United,2,0,Peterborough United,,,Match Report,The Kassam Stadium,3693,
UEFA Nations League,2024-2025,2024-08-13,19:45,Barrow,3,2,Port Vale,,,Match Report,SO Legal Stadium,1711,
UEFA Nations League,2024-2025,2024-08-13,19:45,Northampton Town,0,2,Wycombe Wanderers,,,Match Report,Sixfields Stadium,2012,
UEFA Nations League,2024-2025,2024-08-13,19:45,Derby County,2,1,Chesterfield,,,Match Report,Pride Park Stadium,8538,
UEFA Nations League,2024-2025,2024-08-13,19:45,Preston North End,2,0,Sunderland,,,Match Report,Deepdale Stadium,7231,
UEFA Nations League,2024-2025,2024-08-13,19:45,Wigan Athletic,(2) 1,1 (4),Barnsley,,,Match Report,The Brick Community Stadium,1990,Will Finnie
UEFA Nations League,2024-2025,2024-08-13,19:45,Rotherham United,2,1,Crewe Alexandra,,,Match Report,AESSEAL New York Stadium,2182,
UEFA Nations League,2024-2025,2024-08-13,19:45,Portsmouth,0,1,Millwall,,,Match Report,Fratton Park,13913,Dean Whitestone
UEFA Nations League,2024-2025,2024-08-13,19:45,Watford,5,0,Milton Keynes Dons,,,Match Report,Vicarage Road Stadium,6885,
UEFA Nations League,2024-2025,2024-08-13,19:45,Norwich City,4,3,Stevenage,,,Match Report,Carrow Road,13054,
UEFA Nations League,2024-2025,2024-08-13,19:45,Colchester United,(4) 2,2 (3),Reading,,,Match Report,JobServe Community Stadium,3123,Neil Hair
UEFA Nations League,2024-2025,2024-08-13,19:45,Grimsby Town,(9) 1,1 (8),Bradford City,,,Match Report,Blundell Park,3082,David Coote
UEFA Nations League,2024-2025,2024-08-13,19:45,Cambridge United,1,2,QPR,,,Match Report,Cledara Abbey Stadium,4529,
UEFA Nations League,2024-2025,2024-08-13,19:45,Shrewsbury Town,(4) 3,3 (3),Notts County,,,Match Report,The Croud Meadow,2914,Ben Speedie
UEFA Nations League,2024-2025,2024-08-13,19:45,Fleetwood Town,2,1,West Brom,,,Match Report,Highbury Stadium,2611,
UEFA Nations League,2024-2025,2024-08-13,19:45,Salford City FC,0,2,Doncaster Rovers,,,Match Report,The Peninsula Stadium,1328,
UEFA Nations League,2024-2025,2024-08-13,19:45,Swansea City,3,1,Gillingham,,,Match Report,Swansea.com Stadium,6019,
UEFA Nations League,2024-2025,2024-08-13,19:45,Walsall,(4) 1,1 (3),Exeter City,,,Match Report,Poundland Bescot Stadium,2352,Jacob Miles
UEFA Nations League,2024-2025,2024-08-13,19:45,Charlton Athletic,0,1,Birmingham City,,,Match Report,The Valley,5899,
UEFA Nations League,2024-2025,2024-08-13,19:45,Cardiff City,2,0,Bristol Rovers,,,Match Report,Cardiff City Stadium,5718,
UEFA Nations League,2024-2025,2024-08-13,19:45,Bristol City,0,1,Coventry City,,,Match Report,Ashton Gate Stadium,10940,
UEFA Nations League,2024-2025,2024-08-13,19:45,Bromley,1,2,AFC Wimbledon,,,Match Report,Hayes Lane,3677,
UEFA Nations League,2024-2025,2024-08-13,19:45,Huddersfield Town,3,0,Morecambe,,,Match Report,The John Smith's Stadium,5111,
UEFA Nations League,2024-2025,2024-08-13,19:45,Crawley Town,4,2,Swindon Town,,,Match Report,Broadfield Stadium,2396,
UEFA Nations League,2024-2025,2024-08-13,19:45,Tranmere Rovers,3,0,Accrington Stanley,,,Match Report,Prenton Park,2288,
UEFA Nations League,2024-2025,2024-08-13,20:00,Sheffield United,4,2,Wrexham,,,Match Report,Bramall Lane,11446,
UEFA Nations League,2024-2025,2024-08-14,19:45,Hull City,1,2,Sheffield Weds,,,Match Report,MKM Stadium,9281,
UEFA Nations League,2024-2025,2024-08-14,19:45,Plymouth Argyle,3,0,Cheltenham Town,,,Match Report,Home Park,12058,Tom Reeves
UEFA Nations League,2024-2025,2024-08-14,20:00,Leeds United,0,3,Middlesbrough,,,Match Report,Elland Road,35150,
UEFA Nations League,2024-2025,2024-08-27,19:15,Middlesbrough,0,5,Stoke City,,,Match Report,Riverside Stadium,17408,
UEFA Nations League,2024-2025,2024-08-27,19:45,Brighton,4,0,Crawley Town,,,Match Report,The American Express Stadium,19175,Alex Chilowicz
UEFA Nations League,2024-2025,2024-08-27,19:45,Coventry City,1,0,Oxford United,,,Match Report,Coventry Building Society Arena,11808,
UEFA Nations League,2024-2025,2024-08-27,19:45,Leicester City,4,0,Tranmere Rovers,,,Match Report,King Power Stadium,13011,
UEFA Nations League,2024-2025,2024-08-27,19:45,Watford,2,0,Plymouth Argyle,,,Match Report,Vicarage Road Stadium,8319,Andrew Davies
UEFA Nations League,2024-2025,2024-08-27,19:45,Fleetwood Town,2,1,Rotherham United,,,Match Report,Highbury Stadium,1744,
UEFA Nations League,2024-2025,2024-08-27,19:45,Millwall,0,1,Leyton Orient,,,Match Report,The Den,5875,David Rock
UEFA Nations League,2024-2025,2024-08-27,19:45,Barrow,(3) 0,0 (2),Derby County,,,Match Report,SO Legal Stadium,3003,Seb Stockbridge
UEFA Nations League,2024-2025,2024-08-27,19:45,Harrogate Town FC,0,5,Preston North End,,,Match Report,The Exercise Stadium,2570,Ben Speedie
UEFA Nations League,2024-2025,2024-08-27,19:45,Walsall,3,2,Huddersfield Town,,,Match Report,Poundland Bescot Stadium,3378,
UEFA Nations League,2024-2025,2024-08-27,19:45,Shrewsbury Town,0,2,Bolton Wanderers,,,Match Report,The Croud Meadow,3220,
UEFA Nations League,2024-2025,2024-08-27,19:45,Everton,3,0,Doncaster Rovers,,,Match Report,Goodison Park,37245,James Bell
UEFA Nations League,2024-2025,2024-08-27,19:45,Barnsley,1,0,Sheffield United,,,Match Report,Oakwell Stadium,10739,
UEFA Nations League,2024-2025,2024-08-27,19:45,Grimsby Town,1,5,Sheffield Weds,,,Match Report,Blundell Park,6364,
UEFA Nations League,2024-2025,2024-08-27,19:45,Blackburn Rovers,1,2,Blackpool,,,Match Report,Ewood Park,9418,
UEFA Nations League,2024-2025,2024-08-27,19:45,QPR,(4) 1,1 (1),Luton Town,,,Match Report,MATRADE Loftus Road Stadium,7132,Leigh Doughty
UEFA Nations League,2024-2025,2024-08-27,20:00,Birmingham City,0,2,Fulham,,,Match Report,St Andrew's @ Knighthead Park,11949,
UEFA Nations League,2024-2025,2024-08-27,20:00,Crystal Palace,4,0,Norwich City,,,Match Report,Selhurst Park,12503,
UEFA Nations League,2024-2025,2024-08-28,19:30,Wolves,2,0,Burnley,,,Match Report,Molineux Stadium,19236,Joshua Smith
UEFA Nations League,2024-2025,2024-08-28,19:45,Swansea City,0,1,Wycombe Wanderers,,,Match Report,Swansea.com Stadium,6000,Ben Toner
UEFA Nations League,2024-2025,2024-08-28,19:45,Cardiff City,3,5,Southampton,,,Match Report,Cardiff City Stadium,7225,
UEFA Nations League,2024-2025,2024-08-28,19:45,West Ham United,1,0,Bournemouth,,,Match Report,London Stadium,47381,Peter Bankes
UEFA Nations League,2024-2025,2024-08-28,19:45,Colchester United,0,1,Brentford,,,Match Report,JobServe Community Stadium,6716,
UEFA Nations League,2024-2025,2024-08-28,19:45,AFC Wimbledon,(4) 2,2 (2),Ipswich Town,,,Match Report,Cherry Red Records Fans' Stadium,7934,James Linington
UEFA Nations League,2024-2025,2024-08-28,20:00,Nottingham Forest,(3) 1,1 (4),Newcastle United,,,Match Report,The City Ground,23083,Samuel Allison
UEFA Nations League,2024-2025,2024-09-17,19:30,Stoke City,(2) 1,1 (1),Fleetwood Town,,,Match Report,bet365 Stadium,8927,Tim Robinson
UEFA Nations League,2024-2025,2024-09-17,19:45,Preston North End,(16) 1,1 (15),Fulham,,,Match Report,Deepdale Stadium,5530,Robert Madley
UEFA Nations League,2024-2025,2024-09-17,19:45,Everton,(5) 1,1 (6),Southampton,,,Match Report,Goodison Park,33842,Darren Bond
UEFA Nations League,2024-2025,2024-09-17,19:45,QPR,1,2,Crystal Palace,,,Match Report,MATRADE Loftus Road Stadium,13945,Sunny Singh
UEFA Nations League,2024-2025,2024-09-17,19:45,Brentford,3,1,Leyton Orient,,,Match Report,Gtech Community Stadium,13634,Lewis Smith
UEFA Nations League,2024-2025,2024-09-17,19:45,Blackpool,0,1,Sheffield Weds,,,Match Report,Bloomfield Road Stadium,5429,Thomas Kirk
UEFA Nations League,2024-2025,2024-09-17,20:00,Manchester Utd,7,0,Barnsley,,,Match Report,Old Trafford,72063,Gavin Ward
UEFA Nations League,2024-2025,2024-09-18,19:45,Brighton,3,2,Wolves,,,Match Report,The American Express Stadium,16018,John Brooks
UEFA Nations League,2024-2025,2024-09-18,20:00,Coventry City,1,2,Tottenham Hotspur,,,Match Report,Coventry Building Society Arena,24616,Darren England
UEFA Nations League,2024-2025,2024-09-24,19:45,Walsall,(0) 0,0 (3),Leicester City,,,Match Report,Poundland Bescot Stadium,8010,Tom Nield
UEFA Nations League,2024-2025,2024-09-24,19:45,Chelsea,5,0,Barrow,,,Match Report,Stamford Bridge,38868,Oliver Langford
UEFA Nations League,2024-2025,2024-09-24,19:45,Manchester City,2,1,Watford,,,Match Report,Etihad Stadium,40584,David Webb
UEFA Nations League,2024-2025,2024-09-24,20:00,Wycombe Wanderers,1,2,Aston Villa,,,Match Report,Adams Park,8158,John Busby
UEFA Nations League,2024-2025,2024-09-25,19:45,Arsenal,5,1,Bolton Wanderers,,,Match Report,Emirates Stadium,59056,Joshua Smith
UEFA Nations League,2024-2025,2024-09-25,20:00,Liverpool,5,1,West Ham United,,,Match Report,Anfield,60044,Andy Madley
UEFA Nations League,2024-2025,2024-10-01,19:45,Newcastle United,1,0,AFC Wimbledon,,,Match Report,St James' Park,51739,Darren Bond
UEFA Nations League,2024-2025,2024-10-29,19:45,Southampton,3,2,Stoke City,,,Match Report,St Mary's Stadium,16092,Lewis Smith
UEFA Nations League,2024-2025,2024-10-29,20:00,Brentford,(5) 1,1 (4),Sheffield Weds,,,Match Report,Gtech Community Stadium,16701,Will Finnie
UEFA Nations League,2024-2025,2024-10-30,19:30,Brighton,2,3,Liverpool,,,Match Report,The American Express Stadium,28441,Darren Bond
UEFA Nations League,2024-2025,2024-10-30,19:45,Aston Villa,1,2,Crystal Palace,,,Match Report,Villa Park,,Samuel Barrott
UEFA Nations League,2024-2025,2024-10-30,19:45,Newcastle United,2,0,Chelsea,,,Match Report,St James' Park,51934,Chris Kavanagh
UEFA Nations League,2024-2025,2024-10-30,19:45,Preston North End,0,3,Arsenal,,,Match Report,Deepdale Stadium,21811,Peter Bankes
UEFA Nations League,2024-2025,2024-10-30,19:45,Manchester Utd,5,2,Leicester City,,,Match Report,Old Trafford,73470,Andy Madley
UEFA Nations League,2024-2025,2024-10-30,20:15,Tottenham Hotspur,2,1,Manchester City,,,Match Report,Tottenham Hotspur Stadium,60797,Robert Jones
UEFA Nations League,2024-2025,2024-12-18,19:30,Arsenal,3,2,Crystal Palace,,,Match Report,Emirates Stadium,,Andy Madley
UEFA Nations League,2024-2025,2024-12-18,19:45,Newcastle United,3,1,Brentford,,,Match Report,St James' Park,51765,Samuel Barrott
UEFA Nations League,2024-2025,2024-12-18,20:00,Southampton,1,2,Liverpool,,,Match Report,St Mary's Stadium,26503,Simon Hooper
UEFA Nations League,2024-2025,2024-12-19,20:00,Tottenham Hotspur,4,3,Manchester Utd,,,Match Report,Tottenham Hotspur Stadium,57409,John Brooks
UEFA Nations League,2024-2025,2025-01-07,20:00,Arsenal,0,2,Newcastle United,,,Match Report,Emirates Stadium,59125,John Brooks
UEFA Nations League,2024-2025,2025-01-08,20:00,Tottenham Hotspur,1,0,Liverpool,,,Match Report,Tottenham Hotspur Stadium,,Stuart Attwell
UEFA Nations League,2024-2025,2025-02-05,20:00,Newcastle United,2,0,Arsenal,,,Match Report,St James' Park,52173,Simon Hooper
UEFA Nations League,2024-2025,2025-02-06,20:00,Liverpool,4,0,Tottenham Hotspur,,,Match Report,Anfield,60395,Craig Pawson
UEFA Nations League,2024-2025,2025-03-16,16:30,Liverpool,1,2,Newcastle United,,,Match Report,Wembley Stadium connected by EE (Neutral Site),88513,John Brooks
Africa Cup of Nations,2023,2025-12-21,20:00,Morocco ma,2,0,km Comoros,,,Match Report,Stade Prince Moulay Abdallah (Neutral Site),60180.0,Jean-Jacques Ndala
Africa Cup of Nations,2023,2025-12-22,15:00,Mali ml,1,1,zm Zambia,,,Match Report,Stade Mohamed V (Neutral Site),10124.0,Cumar Cartan
Africa Cup of Nations,2023,2025-12-22,18:00,South Africa za,2,1,ao Angola,,,Match Report,Grand Stade de Marrakech (Neutral Site),4013.0,Mahmood Ismail Chantir
Africa Cup of Nations,2023,2025-12-22,21:00,Egypt eg,2,1,zw Zimbabwe,,,Match Report,Grand Stade d'Agadir (Neutral Site),28199.0,Issa Sy
Africa Cup of Nations,2023,2025-12-23,13:30,Congo DR cd,1,0,bj Benin,,,Match Report,Al Medina Stadium (Neutral Site),13073.0,Abongile Tom
Africa Cup of Nations,2023,2025-12-23,16:00,Senegal sn,3,0,bw Botswana,,,Match Report,Stade Ibn Batouta (Neutral Site),18591.0,Abdel Aziz Mohamed Bouh
Africa Cup of Nations,2023,2025-12-23,18:30,Nigeria ng,2,1,tz Tanzania,,,Match Report,Complexe Sportif de Fès (Neutral Site),11444.0,Dahane Beida
Africa Cup of Nations,2023,2025-12-23,21:00,Tunisia tn,3,1,ug Uganda,,,Match Report,Stade Olympique de Rabat (Neutral Site),13387.0,Tanguy Mebiame
Africa Cup of Nations,2023,2025-12-24,13:30,Burkina Faso bf,2,1,gq Equ. Guinea,,,Match Report,Stade Mohamed V (Neutral Site),10267.0,Mohamed Maarouf
Africa Cup of Nations,2023,2025-12-24,16:00,Algeria dz,3,0,sd Sudan,,,Match Report,Stade Prince Héritier Moulay Hassan (Neutral Site),16115.0,Pierre Ghislain Atcho
Africa Cup of Nations,2023,2025-12-24,18:30,Côte d'Ivoire ci,1,0,mz Mozambique,,,Match Report,Grand Stade de Marrakech (Neutral Site),13041.0,Samuel Uwikunda
Africa Cup of Nations,2023,2025-12-24,21:00,Cameroon cm,1,0,ga Gabon,,,Match Report,Grand Stade d'Agadir (Neutral Site),35200.0,Amin Omar
Africa Cup of Nations,2023,2025-12-26,13:30,Angola ao,1,1,zw Zimbabwe,,,Match Report,Grand Stade de Marrakech (Neutral Site),5110.0,Peter Waweru
Africa Cup of Nations,2023,2025-12-26,16:00,Egypt eg,1,0,za South Africa,,,Match Report,Grand Stade d'Agadir (Neutral Site),40219.0,Pacifique Ndabihawenimana
Africa Cup of Nations,2023,2025-12-26,18:30,Zambia zm,0,0,km Comoros,,,Match Report,Stade Mohamed V (Neutral Site),7829.0,Imtehaz Heeralall
Africa Cup of Nations,2023,2025-12-26,21:00,Morocco ma,1,1,ml Mali,,,Match Report,Stade Prince Moulay Abdallah (Neutral Site),63844.0,Abdou Abdel Mefire
Africa Cup of Nations,2023,2025-12-27,13:30,Benin bj,1,0,bw Botswana,,,Match Report,Stade Olympique de Rabat (Neutral Site),7462.0,Shamirah Nabadda
Africa Cup of Nations,2023,2025-12-27,16:00,Senegal sn,1,1,cd Congo DR,,,Match Report,Stade Ibn Batouta (Neutral Site),41672.0,Lahlou Benbraham
Africa Cup of Nations,2023,2025-12-27,18:30,Uganda ug,1,1,tz Tanzania,,,Match Report,Al Medina Stadium (Neutral Site),10540.0,Jalal Jiyed
Africa Cup of Nations,2023,2025-12-27,21:00,Nigeria ng,3,2,tn Tunisia,,,Match Report,Complexe Sportif de Fès (Neutral Site),25544.0,Boubou Traoré
Africa Cup of Nations,2023,2025-12-28,13:30,Gabon ga,2,3,mz Mozambique,,,Match Report,Grand Stade d'Agadir (Neutral Site),9796.0,Mehrez Melki
Africa Cup of Nations,2023,2025-12-28,16:00,Equ. Guinea gq,0,1,sd Sudan,,,Match Report,Stade Mohamed V (Neutral Site),8671.0,Messie Nkounkou
Africa Cup of Nations,2023,2025-12-28,18:30,Algeria dz,1,0,bf Burkina Faso,,,Match Report,Stade Prince Héritier Moulay Hassan (Neutral Site),18522.0,Daniel Nii Ayi Laryea
Africa Cup of Nations,2023,2025-12-28,21:00,Côte d'Ivoire ci,1,1,cm Cameroon,,,Match Report,Grand Stade de Marrakech (Neutral Site),35165.0,Mustapha Ghorbal
Africa Cup of Nations,2023,2025-12-29,17:00,Zimbabwe zw,2,3,za South Africa,,,Match Report,Grand Stade de Marrakech (Neutral Site),9235.0,Mustapha Kechchaf
Africa Cup of Nations,2023,2025-12-29,17:00,Angola ao,0,0,eg Egypt,,,Match Report,Grand Stade d'Agadir (Neutral Site),16090.0,Clément Franklin Kpan
Africa Cup of Nations,2023,2025-12-29,20:00,Comoros km,0,0,ml Mali,,,Match Report,Stade Mohamed V (Neutral Site),8842.0,Alhadj Allaou Mahamat
Africa Cup of Nations,2023,2025-12-29,20:00,Zambia zm,0,3,ma Morocco,,,Match Report,Stade Prince Moulay Abdallah (Neutral Site),62532.0,Issa Sy
Africa Cup of Nations,2023,2025-12-30,17:00,Uganda ug,1,3,ng Nigeria,,,Match Report,Complexe Sportif de Fès (Neutral Site),11545.0,Louis Houngnandande
Africa Cup of Nations,2023,2025-12-30,17:00,Tanzania tz,1,1,tn Tunisia,,,Match Report,Stade Olympique de Rabat (Neutral Site),15205.0,Jean-Jacques Ndala
Africa Cup of Nations,2023,2025-12-30,20:00,Botswana bw,0,3,cd Congo DR,,,Match Report,Al Medina Stadium (Neutral Site),12569.0,Imtehaz Heeralall
Africa Cup of Nations,2023,2025-12-30,20:00,Benin bj,0,3,sn Senegal,,,Match Report,Stade Ibn Batouta (Neutral Site),26707.0,Samuel Uwikunda
Africa Cup of Nations,2023,2025-12-31,17:00,Sudan sd,0,2,bf Burkina Faso,,,Match Report,Stade Mohamed V (Neutral Site),10084.0,Amin Omar
Africa Cup of Nations,2023,2025-12-31,17:00,Equ. Guinea gq,1,3,dz Algeria,,,Match Report,Stade Prince Héritier Moulay Hassan (Neutral Site),15187.0,Pacifique Ndabihawenimana
Africa Cup of Nations,2023,2025-12-31,20:00,Gabon ga,2,3,ci Côte d'Ivoire,,,Match Report,Grand Stade de Marrakech (Neutral Site),20833.0,Cumar Cartan
Africa Cup of Nations,2023,2025-12-31,20:00,Mozambique mz,1,2,cm Cameroon,,,Match Report,Grand Stade d'Agadir (Neutral Site),13093.0,Jalal Jiyed
Africa Cup of Nations,2023,2026-01-03,17:00,Senegal sn,3,1,sd Sudan,,,Match Report,Stade Ibn Batouta (Neutral Site),30045.0,Dahane Beida
Africa Cup of Nations,2023,2026-01-03,20:00,Mali ml,(3) 1,1 (2),tn Tunisia,,,Match Report,Stade Mohamed V (Neutral Site),41982.0,Abongile Tom
Africa Cup of Nations,2023,2026-01-04,17:00,Morocco ma,1,0,tz Tanzania,,,Match Report,Stade Prince Moulay Abdallah (Neutral Site),63894.0,Boubou Traoré
Africa Cup of Nations,2023,2026-01-04,20:00,South Africa za,1,2,cm Cameroon,,,Match Report,Al Medina Stadium (Neutral Site),14127.0,Peter Waweru
Africa Cup of Nations,2023,2026-01-05,17:00,Egypt eg,3,1,bj Benin,,,Match Report,Grand Stade d'Agadir (Neutral Site),20191.0,Pierre Ghislain Atcho
Africa Cup of Nations,2023,2026-01-05,20:00,Nigeria ng,4,0,mz Mozambique,,,Match Report,Complexe Sportif de Fès (Neutral Site),14593.0,Abdou Abdel Mefire
Africa Cup of Nations,2023,2026-01-06,17:00,Algeria dz,1,0,cd Congo DR,,,Match Report,Stade Prince Héritier Moulay Hassan (Neutral Site),18837.0,Mohamed Maarouf
Africa Cup of Nations,2023,2026-01-06,20:00,Côte d'Ivoire ci,3,0,bf Burkina Faso,,,Match Report,Grand Stade de Marrakech (Neutral Site),24019.0,Mahmood Ismail Chantir
Africa Cup of Nations,2023,2026-01-09,17:00,Mali ml,0,1,sn Senegal,,,Match Report,Stade Ibn Batouta (Neutral Site),32385.0,Abongile Tom
Africa Cup of Nations,2023,2026-01-09,20:00,Cameroon cm,0,2,ma Morocco,,,Match Report,Stade Prince Moulay Abdallah (Neutral Site),64178.0,Dahane Beida
Africa Cup of Nations,2023,2026-01-10,17:00,Algeria dz,0,2,ng Nigeria,,,Match Report,Grand Stade de Marrakech (Neutral Site),32452.0,Issa Sy
Africa Cup of Nations,2023,2026-01-10,20:00,Egypt eg,3,2,ci Côte d'Ivoire,,,Match Report,Grand Stade d'Agadir (Neutral Site),31213.0,Mustapha Ghorbal
Africa Cup of Nations,2023,2026-01-14,18:00,Senegal sn,1,0,eg Egypt,,,Match Report,Stade Ibn Batouta (Neutral Site),52079.0,Pierre Ghislain Atcho
Africa Cup of Nations,2023,2026-01-14,21:00,Nigeria ng,(2) 0,0 (4),ma Morocco,,,Match Report,Stade Prince Moulay Abdallah (Neutral Site),65458.0,Daniel Nii Ayi Laryea
Africa Cup of Nations,2023,2026-01-17,17:00,Egypt eg,(2) 0,0 (4),ng Nigeria,,,Match Report,Stade Mohamed V (Neutral Site),38113.0,Jalal Jiyed
Africa Cup of Nations,2023,2026-01-18,20:00,Senegal sn,1,0,ma Morocco,,,Match Report,Stade Prince Moulay Abdallah (Neutral Site),66526.0,Jean-Jacques Ndala
Gold Cup 2023,2023,2023-06-25,16:00,Trin & Tobago tt,3,0,kn St. Kitts & Nevis,,,Match Report,DRV PNK Stadium (Neutral Site),3646.0,Said Martínez
Gold Cup 2023,2023,2023-06-25,17:00,Haiti ht,2,1,qa Qatar,,,Match Report,NRG Stadium (Neutral Site),66255.0,Daneon Parchment
Gold Cup 2023,2023,2023-06-24,20:30,United States us,1,1,jm Jamaica,,,Match Report,Soldier Field (Neutral Site),36666.0,César Arturo Ramos
Gold Cup 2023,2023,2023-06-26,18:30,El Salvador sv,1,2,mq Martinique,,,Match Report,DRV PNK Stadium (Neutral Site),10101.0,Adonai Escobedo
Gold Cup 2023,2023,2023-06-25,19:00,Mexico mx,4,0,hn Honduras,,,Match Report,NRG Stadium (Neutral Site),66255.0,Mario Escobar
Gold Cup 2023,2023,2023-06-27,19:00,Canada ca,2,2,gp Guadeloupe,,,Match Report,BMO Field (Neutral Site),15301.0,Rubiel Vazquez
Gold Cup 2023,2023,2023-06-26,20:30,Costa Rica cr,1,2,pa Panama,,,Match Report,DRV PNK Stadium (Neutral Site),10101.0,Drew Fischer
Gold Cup 2023,2023,2023-06-28,18:30,Jamaica jm,4,1,tt Trin & Tobago,,,Match Report,Citypark (Neutral Site),21216.0,Fernando Guerrero
Gold Cup 2023,2023,2023-06-27,21:15,Guatemala gt,1,0,cu Cuba,,,Match Report,DRV PNK Stadium (Neutral Site),13426.0,Oshane Nation
Gold Cup 2023,2023,2023-06-30,02:45,Qatar qa,1,1,hn Honduras,,,Match Report,State Farm Stadium (Neutral Site),34517.0,Armando Villarreal
Gold Cup 2023,2023,2023-06-28,20:30,St. Kitts & Nevis kn,0,6,us United States,,,Match Report,Citypark (Neutral Site),21216.0,Juan Gabriel Calderón
Gold Cup 2023,2023,2023-06-30,18:30,Martinique mq,1,2,pa Panama,,,Match Report,Red Bull Arena (Neutral Site),22615.0,Said Martínez
Gold Cup 2023,2023,2023-06-29,19:00,Haiti ht,1,3,mx Mexico,,,Match Report,State Farm Stadium (Neutral Site),34517.0,Walter López
Gold Cup 2023,2023,2023-07-01,18:30,Cuba cu,1,4,gp Guadeloupe,,,Match Report,Shell Energy Stadium (Neutral Site),19766.0,Iván Barton
Gold Cup 2023,2023,2023-06-30,20:30,El Salvador sv,0,0,cr Costa Rica,,,Match Report,Red Bull Arena (Neutral Site),22615.0,César Arturo Ramos
Gold Cup 2023,2023,2023-07-02,16:00,Jamaica jm,5,0,kn St. Kitts & Nevis,,,Match Report,Levi's Stadium (Neutral Site),60347.0,Adonai Escobedo
Gold Cup 2023,2023,2023-07-02,19:00,United States us,6,0,tt Trin & Tobago,,,Match Report,Bank of America Stadium (Neutral Site),40243.0,Mario Escobar
Gold Cup 2023,2023,2023-07-01,20:30,Guatemala gt,0,0,ca Canada,,,Match Report,Shell Energy Stadium (Neutral Site),19766.0,Marco Ortíz
Gold Cup 2023,2023,2023-07-02,18:00,Mexico mx,0,1,qa Qatar,,,Match Report,Levi's Stadium (Neutral Site),60347.0,Drew Fischer
Gold Cup 2023,2023,2023-07-02,21:00,Honduras hn,2,1,ht Haiti,,,Match Report,Bank of America Stadium (Neutral Site),47382.0,Oshane Nation
Gold Cup 2023,2023,2023-07-04,17:30,Canada ca,4,2,cu Cuba,,,Match Report,Shell Energy Stadium (Neutral Site),,Keylor Herrera
Gold Cup 2023,2023,2023-07-04,18:30,Guadeloupe gp,2,3,gt Guatemala,,,Match Report,Red Bull Arena (Neutral Site),,Juan Gabriel Calderón
Gold Cup 2023,2023,2023-07-04,19:30,Panama pa,2,2,sv El Salvador,,,Match Report,Shell Energy Stadium (Neutral Site),,Walter López
Gold Cup 2023,2023,2023-07-04,20:30,Costa Rica cr,6,4,mq Martinique,,,Match Report,Red Bull Arena (Neutral Site),,Bryan López
Gold Cup 2023,2023,2023-07-08,18:00,Panama pa,4,0,qa Qatar,,,Match Report,AT&T Stadium (Neutral Site),,César Arturo Ramos
Gold Cup 2023,2023,2023-07-09,17:00,Guatemala gt,0,1,jm Jamaica,,,Match Report,TQL Stadium (Neutral Site),,Drew Fischer
Gold Cup 2023,2023,2023-07-09,19:30,United States us,(3) 2,2 (2),ca Canada,,,Match Report,TQL Stadium (Neutral Site),,Marco Ortíz
Gold Cup 2023,2023,2023-07-08,20:30,Mexico mx,2,0,cr Costa Rica,,,Match Report,AT&T Stadium (Neutral Site),60355.0,Said Martínez
Gold Cup 2023,2023,2023-07-12,16:30,United States us,(4) 1,1 (5),pa Panama,,,Match Report,Snapdragon Stadium (Neutral Site),,Walter López
Gold Cup 2023,2023,2023-07-12,19:00,Jamaica jm,0,3,mx Mexico,,,Match Report,Allegiant Stadium (Neutral Site),,Mario Escobar
Gold Cup 2023,2023,2023-07-16,16:30,Mexico mx,1,0,pa Panama,,,Match Report,SoFi Stadium (Neutral Site),,Said Martínez
WCQ CONMEBOL,2026,2023-09-07,18:00,Colombia co,1,0,ve Venezuela,,,Match Report,Estadio Metropolitano Roberto Meléndez,43084.0,Anderson Daronco
WCQ CONMEBOL,2026,2023-09-07,18:30,Paraguay py,0,0,pe Peru,,,Match Report,Estadio Antonio Aranda,16211.0,Andrés Matonte
WCQ CONMEBOL,2026,2023-09-08,20:00,Uruguay uy,3,1,cl Chile,,,Match Report,Estadio Centenario,49713.0,Darío Herrera
WCQ CONMEBOL,2026,2023-09-07,21:00,Argentina ar,1,0,ec Ecuador,,,Match Report,Estadio Mâs Monumental,84500.0,Wilmar Roldán
WCQ CONMEBOL,2026,2023-09-08,21:45,Brazil br,5,1,bo Bolivia,,,Match Report,Estádio Estadual Jornalista Edgar August...,48183.0,Juan Gabriel Benítez
WCQ CONMEBOL,2026,2023-09-12,16:00,Bolivia bo,0,3,ar Argentina,,,Match Report,Estadio Hernando Siles,38000.0,Esteban Ostojich
WCQ CONMEBOL,2026,2023-09-12,16:00,Ecuador ec,2,1,uy Uruguay,,,Match Report,Estadio Rodrigo Paz Delgado,35613.0,Wilton Sampaio
WCQ CONMEBOL,2026,2023-09-12,18:00,Venezuela ve,1,0,py Paraguay,,,Match Report,Estadio Monumental de Maturín,48523.0,Andrés Rojas
WCQ CONMEBOL,2026,2023-09-12,21:00,Peru pe,0,1,br Brazil,,,Match Report,Estadio Nacional,36328.0,Fernando Rapallini
WCQ CONMEBOL,2026,2023-09-12,21:30,Chile cl,0,0,co Colombia,,,Match Report,Estadio Monumental David Arellano,22153.0,Jesús Valenzuela
WCQ CONMEBOL,2026,2023-10-12,15:30,Colombia co,2,2,uy Uruguay,,,Match Report,Estadio Metropolitano Roberto Meléndez,43915.0,Piero Maza
WCQ CONMEBOL,2026,2023-10-12,19:00,Bolivia bo,1,2,ec Ecuador,,,Match Report,Estadio Hernando Siles,34200.0,Cristián Garay
WCQ CONMEBOL,2026,2023-10-12,20:00,Argentina ar,1,0,py Paraguay,,,Match Report,Estadio Mâs Monumental,80000.0,Raphael Claus
WCQ CONMEBOL,2026,2023-10-12,20:30,Brazil br,1,1,ve Venezuela,,,Match Report,Arena Pantanal,39018.0,Kevin Ortega
WCQ CONMEBOL,2026,2023-10-12,21:00,Chile cl,2,0,pe Peru,,,Match Report,Estadio Monumental David Arellano,36847.0,Wilmar Roldán
WCQ CONMEBOL,2026,2023-10-17,17:00,Venezuela ve,3,0,cl Chile,,,Match Report,Estadio Monumental de Maturín,,Flavio Rodrigues de Souza
WCQ CONMEBOL,2026,2023-10-17,18:30,Ecuador ec,0,0,co Colombia,,,Match Report,Estadio Rodrigo Paz Delgado,,Facundo Tello
WCQ CONMEBOL,2026,2023-10-17,19:30,Paraguay py,1,0,bo Bolivia,,,Match Report,Estadio Defensores del Chaco,,Gustavo Tejera
WCQ CONMEBOL,2026,2023-10-17,21:00,Peru pe,0,2,ar Argentina,,,Match Report,Estadio Nacional,37675.0,Jesús Valenzuela
WCQ CONMEBOL,2026,2023-10-17,21:00,Uruguay uy,2,0,br Brazil,,,Match Report,Estadio Centenario,52477.0,Alexis Herrera
WCQ CONMEBOL,2026,2023-11-16,16:00,Bolivia bo,2,0,pe Peru,,,Match Report,Estadio Hernando Siles,,Guillermo Guerrero
WCQ CONMEBOL,2026,2023-11-16,18:00,Venezuela ve,0,0,ec Ecuador,,,Match Report,Estadio Monumental de Maturín,,Juan Gabriel Benítez
WCQ CONMEBOL,2026,2023-11-16,19:00,Colombia co,2,1,br Brazil,,,Match Report,Estadio Metropolitano Roberto Meléndez,,Andrés Matonte
WCQ CONMEBOL,2026,2023-11-16,21:00,Argentina ar,0,2,uy Uruguay,,,Match Report,Estadio Alberto José Armando,,Wilmar Roldán
WCQ CONMEBOL,2026,2023-11-16,21:30,Chile cl,0,0,py Paraguay,,,Match Report,Estadio Monumental David Arellano,,Fernando Rapallini
WCQ CONMEBOL,2026,2023-11-21,18:30,Ecuador ec,1,0,cl Chile,,,Match Report,Estadio Rodrigo Paz Delgado,,Anderson Daronco
WCQ CONMEBOL,2026,2023-11-21,20:00,Paraguay py,0,1,co Colombia,,,Match Report,Estadio Defensores del Chaco,25298.0,Jesús Valenzuela
WCQ CONMEBOL,2026,2023-11-21,20:30,Uruguay uy,3,0,bo Bolivia,,,Match Report,Estadio Centenario,60235.0,Kevin Ortega
WCQ CONMEBOL,2026,2023-11-21,21:00,Peru pe,1,1,ve Venezuela,,,Match Report,Estadio Nacional,,Darío Herrera
WCQ CONMEBOL,2026,2023-11-21,21:30,Brazil br,0,1,ar Argentina,,,Match Report,Estadio Jornalista Mário Filho,,Piero Maza
WCQ CONMEBOL,2026,2024-09-05,16:00,Bolivia bo,4,0,ve Venezuela,,,Match Report,Estadio Municipal El Alto,,Wilmar Roldán
WCQ CONMEBOL,2026,2024-09-06,20:30,Uruguay uy,0,0,py Paraguay,,,Match Report,Estadio Centenario,47741.0,Darío Herrera
WCQ CONMEBOL,2026,2024-09-05,21:00,Argentina ar,3,0,cl Chile,,,Match Report,Estadio Mâs Monumental,52160.0,Jesús Valenzuela
WCQ CONMEBOL,2026,2024-09-06,20:30,Peru pe,1,1,co Colombia,,,Match Report,Estadio Monumental U Marathon,,Esteban Ostojich
WCQ CONMEBOL,2026,2024-09-06,22:00,Brazil br,1,0,ec Ecuador,,,Match Report,Estádio Major Antônio Couto Pereira,,Facundo Tello
WCQ CONMEBOL,2026,2024-09-10,15:30,Colombia co,2,1,ar Argentina,,,Match Report,Estadio Metropolitano Roberto Meléndez,,Piero Maza
WCQ CONMEBOL,2026,2024-09-10,16:00,Ecuador ec,1,0,pe Peru,,,Match Report,Estadio Rodrigo Paz Delgado,,Andrés Rojas
WCQ CONMEBOL,2026,2024-09-10,18:00,Venezuela ve,0,0,uy Uruguay,,,Match Report,Estadio Monumental de Maturín,,Raphael Claus
WCQ CONMEBOL,2026,2024-09-10,18:00,Chile cl,1,2,bo Bolivia,,,Match Report,Estadio Nacional Julio Martínez Prádanos,,Juan Gabriel Benítez
WCQ CONMEBOL,2026,2024-09-10,20:30,Paraguay py,1,0,br Brazil,,,Match Report,Estadio Defensores del Chaco,31962.0,Andrés Matonte
WCQ CONMEBOL,2026,2024-10-10,16:00,Bolivia bo,1,0,co Colombia,,,Match Report,Estadio Municipal El Alto,17191.0,Wilton Sampaio
WCQ CONMEBOL,2026,2024-10-10,16:00,Ecuador ec,0,0,py Paraguay,,,Match Report,Estadio Rodrigo Paz Delgado,,Raphael Claus
WCQ CONMEBOL,2026,2024-10-10,17:00,Venezuela ve,1,1,ar Argentina,,,Match Report,Estadio Monumental de Maturín,,Gustavo Tejera
WCQ CONMEBOL,2026,2024-10-10,21:00,Chile cl,1,2,br Brazil,,,Match Report,Estadio Nacional Julio Martínez Prádanos,,Darío Herrera
WCQ CONMEBOL,2026,2024-10-11,20:30,Peru pe,1,0,uy Uruguay,,,Match Report,Estadio Nacional,,Facundo Tello
WCQ CONMEBOL,2026,2024-10-15,15:30,Colombia co,4,0,cl Chile,,,Match Report,Estadio Metropolitano Roberto Meléndez,,Jesús Valenzuela
WCQ CONMEBOL,2026,2024-10-15,20:00,Paraguay py,2,1,ve Venezuela,,,Match Report,Estadio Defensores del Chaco,,Piero Maza
WCQ CONMEBOL,2026,2024-10-15,20:30,Uruguay uy,0,0,ec Ecuador,,,Match Report,Estadio Centenario,27112.0,Cristián Garay
WCQ CONMEBOL,2026,2024-10-15,21:00,Argentina ar,6,0,bo Bolivia,,,Match Report,Estadio Mâs Monumental,,Kevin Ortega
WCQ CONMEBOL,2026,2024-10-15,21:45,Brazil br,4,0,pe Peru,,,Match Report,Estádio Nacional de Brasília,,Esteban Ostojich
WCQ CONMEBOL,2026,2024-11-14,17:00,Venezuela ve,1,1,br Brazil,,,Match Report,Estadio Monumental de Maturín,32200.0,Andrés Rojas
WCQ CONMEBOL,2026,2024-11-14,20:30,Paraguay py,2,1,ar Argentina,,,Match Report,Estadio Defensores del Chaco,32200.0,Anderson Daronco
WCQ CONMEBOL,2026,2024-11-14,19:00,Ecuador ec,4,0,bo Bolivia,,,Match Report,Estadio Monumental Banco Pichincha,,Maximiliano Ramírez
WCQ CONMEBOL,2026,2024-11-15,20:30,Peru pe,0,0,cl Chile,,,Match Report,Estadio Nacional,47122.0,Wilton Sampaio
WCQ CONMEBOL,2026,2024-11-15,21:00,Uruguay uy,3,2,co Colombia,,,Match Report,Estadio Centenario,,Kevin Ortega
WCQ CONMEBOL,2026,2024-11-19,16:00,Bolivia bo,2,2,py Paraguay,,,Match Report,Estadio Municipal El Alto,18655.0,Andrés Matonte
WCQ CONMEBOL,2026,2024-11-19,18:00,Colombia co,0,1,ec Ecuador,,,Match Report,Estadio Metropolitano Roberto Meléndez,,Esteban Ostojich
WCQ CONMEBOL,2026,2024-11-19,21:00,Argentina ar,1,0,pe Peru,,,Match Report,Estadio Alberto José Armando,,Wilmar Roldán
WCQ CONMEBOL,2026,2024-11-19,21:00,Chile cl,4,2,ve Venezuela,,,Match Report,Estadio Nacional Julio Martínez Prádanos,,Facundo Tello
WCQ CONMEBOL,2026,2024-11-19,21:45,Brazil br,1,1,uy Uruguay,,,Match Report,Estádio Octávio Mangabeira,,Piero Maza
WCQ CONMEBOL,2026,2025-03-20,20:00,Paraguay py,1,0,cl Chile,,,Match Report,Estadio Defensores del Chaco,31193.0,Raphael Claus
WCQ CONMEBOL,2026,2025-03-21,16:00,Ecuador ec,2,1,ve Venezuela,,,Match Report,Estadio Rodrigo Paz Delgado,,Ramon Abatti
WCQ CONMEBOL,2026,2025-03-20,20:30,Peru pe,3,1,bo Bolivia,,,Match Report,Estadio Nacional,,Yael Falcón
WCQ CONMEBOL,2026,2025-03-21,20:30,Uruguay uy,0,1,ar Argentina,,,Match Report,Estadio Centenario,,Juan Gabriel Benítez
WCQ CONMEBOL,2026,2025-03-20,21:45,Brazil br,2,1,co Colombia,,,Match Report,Estádio Nacional de Brasília,70027.0,Alexis Herrera
WCQ CONMEBOL,2026,2025-03-25,16:00,Bolivia bo,0,0,uy Uruguay,,,Match Report,Estadio Municipal El Alto,10723.0,Augusto Aragón
WCQ CONMEBOL,2026,2025-03-25,19:00,Colombia co,2,2,py Paraguay,,,Match Report,Estadio Metropolitano Roberto Meléndez,42262.0,Facundo Tello
WCQ CONMEBOL,2026,2025-03-25,20:00,Venezuela ve,1,0,pe Peru,,,Match Report,Estadio Monumental de Maturín,33683.0,Cristián Garay
WCQ CONMEBOL,2026,2025-03-25,21:00,Chile cl,0,0,ec Ecuador,,,Match Report,Estadio Nacional Julio Martínez Prádanos,38996.0,Gustavo Tejera
WCQ CONMEBOL,2026,2025-03-25,21:00,Argentina ar,4,1,br Brazil,,,Match Report,Estadio Mâs Monumental,,Andrés Rojas
WCQ CONMEBOL,2026,2025-06-05,18:00,Ecuador ec,0,0,br Brazil,,,Match Report,Estadio Monumental Banco Pichincha,,Piero Maza
WCQ CONMEBOL,2026,2025-06-05,19:00,Paraguay py,2,0,uy Uruguay,,,Match Report,Estadio Defensores del Chaco,,Darío Herrera
WCQ CONMEBOL,2026,2025-06-06,15:30,Colombia co,0,0,pe Peru,,,Match Report,Estadio Metropolitano Roberto Meléndez,,Wilton Sampaio
WCQ CONMEBOL,2026,2025-06-06,18:00,Venezuela ve,2,0,bo Bolivia,,,Match Report,Estadio Monumental de Maturín,46741.0,Yael Falcón
WCQ CONMEBOL,2026,2025-06-05,21:00,Chile cl,0,1,ar Argentina,,,Match Report,Estadio Nacional Julio Martínez Prádanos,,Jesús Valenzuela
WCQ CONMEBOL,2026,2025-06-10,16:00,Bolivia bo,2,0,cl Chile,,,Match Report,Estadio Municipal El Alto,,Esteban Ostojich
WCQ CONMEBOL,2026,2025-06-10,20:00,Uruguay uy,2,0,ve Venezuela,,,Match Report,Estadio Centenario,,Raphael Claus
WCQ CONMEBOL,2026,2025-06-10,20:30,Peru pe,0,0,ec Ecuador,,,Match Report,Estadio Nacional,,Andrés Rojas
WCQ CONMEBOL,2026,2025-06-10,21:00,Argentina ar,1,1,co Colombia,,,Match Report,Estadio Mâs Monumental,,Juan Gabriel Benítez
WCQ CONMEBOL,2026,2025-06-10,21:45,Brazil br,1,0,py Paraguay,,,Match Report,Neo Química Arena,,Facundo Tello
WCQ CONMEBOL,2026,2025-09-04,18:30,Colombia co,3,0,bo Bolivia,,,Match Report,Estadio Metropolitano Roberto Meléndez,,Darío Herrera
WCQ CONMEBOL,2026,2025-09-04,19:30,Paraguay py,0,0,ec Ecuador,,,Match Report,Estadio Defensores del Chaco,,Raphael Claus
WCQ CONMEBOL,2026,2025-09-04,20:30,Argentina ar,3,0,ve Venezuela,,,Match Report,Estadio Mâs Monumental,,Piero Maza
WCQ CONMEBOL,2026,2025-09-04,20:30,Uruguay uy,3,0,pe Peru,,,Match Report,Estadio Centenario,,Facundo Tello
WCQ CONMEBOL,2026,2025-09-04,21:30,Brazil br,3,0,cl Chile,,,Match Report,Estadio Jornalista Mário Filho,,Alexis Herrera
WCQ CONMEBOL,2026,2025-09-09,18:00,Ecuador ec,1,0,ar Argentina,,,Match Report,Estadio Monumental Banco Pichincha,,Wilmar Roldán
WCQ CONMEBOL,2026,2025-09-09,18:30,Peru pe,0,1,py Paraguay,,,Match Report,Estadio Nacional,,Maximiliano Ramírez
WCQ CONMEBOL,2026,2025-09-09,19:30,Bolivia bo,1,0,br Brazil,,,Match Report,Estadio Municipal El Alto,,Cristián Garay
WCQ CONMEBOL,2026,2025-09-09,19:30,Venezuela ve,3,6,co Colombia,,,Match Report,Estadio Monumental de Maturín,,Wilton Sampaio
WCQ CONMEBOL,2026,2025-09-09,20:30,Chile cl,0,0,uy Uruguay,,,Match Report,Estadio Nacional Julio Martínez Prádanos,,Anderson Daronco
WCQ OFC,2026,2024-09-06,11:00,Cook Islands ck,1,3,to Tonga,,,Match Report,J.S. Blatter Soccer Stadium - Field 1 (Neutral Site),300.0,Calvin Berg
WCQ OFC,2026,2024-09-06,15:00,American Samoa as,0,2,ws Samoa,,,Match Report,J.S. Blatter Soccer Stadium - Field 1 (Neutral Site),600.0,Norbert Hauata
WCQ OFC,2026,2024-09-09,15:00,Tonga to,1,2,ws Samoa,,,Match Report,J.S. Blatter Soccer Stadium - Field 1 (Neutral Site),500.0,Médéric Lacour
WCQ OFC,2026,2024-10-10,16:00,New Caledonia nc,3,1,pg Papua NG,,,Match Report,HFC Bank Stadium (Neutral Site),1000.0,Campbell-Kirk Kawana-Waugh
WCQ OFC,2026,2024-10-10,19:00,Solomon Islands sb,0,1,fj Fiji,,,Match Report,HFC Bank Stadium (Neutral Site),2000.0,Norbert Hauata
WCQ OFC,2026,2024-10-11,13:00,New Zealand nz,3,0,pf Tahiti,,,Match Report,VFF Freswota Stadium (Neutral Site),1000.0,Médéric Lacour
WCQ OFC,2026,2024-10-12,14:00,Vanuatu vu,4,1,ws Samoa,,,Match Report,VFF Freswota Stadium (Neutral Site),3000.0,Ben Aukwai
WCQ OFC,2026,2024-11-14,13:00,Solomon Islands sb,2,3,nc New Caledonia,,,Match Report,PNG National Football Stadium (Neutral Site),1000.0,Calvin Berg
WCQ OFC,2026,2024-11-14,16:00,Papua NG pg,3,3,fj Fiji,,,Match Report,PNG National Football Stadium (Neutral Site),1428.0,Matt Conger
WCQ OFC,2026,2024-11-15,16:00,Samoa ws,0,3,pf Tahiti,,,Match Report,FMG Stadium Waikato (Neutral Site),638.0,Kavitesh Behari
WCQ OFC,2026,2024-11-15,19:30,New Zealand nz,8,1,vu Vanuatu,,,Match Report,FMG Stadium Waikato (Neutral Site),10113.0,Ben Aukwai
WCQ OFC,2026,2024-11-17,13:00,Fiji fj,1,1,nc New Caledonia,,,Match Report,PNG National Football Stadium (Neutral Site),877.0,Norbert Hauata
WCQ OFC,2026,2024-11-17,16:00,Papua NG pg,1,2,sb Solomon Islands,,,Match Report,PNG National Football Stadium (Neutral Site),1284.0,Campbell-Kirk Kawana-Waugh
WCQ OFC,2026,2024-11-18,16:00,Tahiti pf,2,0,vu Vanuatu,,,Match Report,Go Media Stadium (Neutral Site),395.0,Médéric Lacour
WCQ OFC,2026,2024-11-18,19:30,Samoa ws,0,8,nz New Zealand,,,Match Report,Go Media Stadium (Neutral Site),5327.0,Veer Singh
WCQ OFC,2026,2025-03-21,15:10,New Caledonia nc,3,0,pf Tahiti,,,Match Report,Sky Stadium (Neutral Site),1948.0,Campbell-Kirk Kawana-Waugh
WCQ OFC,2026,2025-03-21,19:10,New Zealand nz,7,0,fj Fiji,,,Match Report,Sky Stadium (Neutral Site),20947.0,Norbert Hauata
WCQ OFC,2026,2025-03-24,19:00,New Caledonia nc,0,3,nz New Zealand,,,Match Report,Eden Park (Neutral Site),25132.0,Ben Aukwai
